article_id,title,link,creator,published_at,created_at
AKR20260522073951001,"정원오, 강북권 집중 공략…""안전불감증 吳, 시장 자격 없어""(종합)",https://www.yna.co.kr/view/AKR20260522073951001,김정진,2026-05-22T18:28:02+09:00,2026-05-22T18:51:27.268347+09:00
AKR20260522057351001,"장동혁 경기·송언석 울산…국힘, 험지·텃밭 동시 공략(종합)",https://www.yna.co.kr/view/AKR20260522057351001,노선웅,2026-05-22T18:23:16+09:00,2026-05-22T18:51:27.269981+09:00
AKR20260522144200008,"李대통령 ""경제 대도약 위해 자본시장 글로벌 경쟁력 플랫폼으로 키울것""",https://www.yna.co.kr/view/AKR20260522144200008,황철환,2026-05-22T18:21:57+09:00,2026-05-22T18:51:27.270061+09:00
AKR20260522064851001,"與, 충북·강원行…'강호축' 등 지역공약 앞세워 부동층 공략(종합)",https://www.yna.co.kr/view/AKR20260522064851001,박재하,2026-05-22T18:15:23+09:00,2026-05-22T18:51:27.270123+09:00
AKR20260522146000504,"외교부 ""아프리카, 잠재적 원유 생산·수출 역량…협력 모색""",https://www.yna.co.kr/view/AKR20260522146000504,김지헌,2026-05-22T18:07:28+09:00,2026-05-22T18:51:27.270539+09:00
AKR20260522145500052,"함양군수 선거 수의계약 특혜 공방…""계약 편중"" vs ""사실무근""",https://www.yna.co.kr/view/AKR20260522145500052,박정헌,2026-05-22T18:02:21+09:00,2026-05-22T18:51:27.270602+09:00
AKR20260522141300063,세종교육감 후보 4인 아침인사·거리유세…'시민 곁으로',https://www.yna.co.kr/view/AKR20260522141300063,양영석,2026-05-22T17:49:24+09:00,2026-05-22T18:51:27.270824+09:00
AKR20260522139000053,'선거 여왕' 박근혜 23일 대구시장선거 등판…추경호 지원,https://www.yna.co.kr/view/AKR20260522139000053,한무선,2026-05-22T17:43:57+09:00,2026-05-22T18:51:27.270891+09:00
AKR20260522141100062,"김진태 강원지사 후보 ""반값 농자재 지원 2배 확대""",https://www.yna.co.kr/view/AKR20260522141100062,이재현,2026-05-22T17:41:08+09:00,2026-05-22T18:51:27.270948+09:00
AKR20260522139100001,"靑, '中지도 보안시설 노출' 논란에 ""보안처리 즉시 요청""",https://www.yna.co.kr/view/AKR20260522139100001,황윤기,2026-05-22T17:38+09:00,2026-05-22T18:51:27.270992+09:00
AKR20260522137900504,[게시판] 통일부 청년기자단 '유니콘' 19기 발대식,https://www.yna.co.kr/view/AKR20260522137900504,전명훈,2026-05-22T17:25:28+09:00,2026-05-22T18:51:27.271029+09:00
AKR20260522137400054,"강은미 전남광주시장 후보, 대리운전노동자 5대 공약 발표",https://www.yna.co.kr/view/AKR20260522137400054,박철홍,2026-05-22T17:22:52+09:00,2026-05-22T18:51:27.271065+09:00
AKR20260522136600704,[쇼츠] 中J-10CE vs 유로파이터 누가 이길까?,https://www.yna.co.kr/view/AKR20260522136600704,김건태,2026-05-22T17:21:48+09:00,2026-05-22T18:51:27.271125+09:00
AKR20260522130800001,"조응천, 'GTX 공사 일시중단' 鄭에 ""경기도민 발길 끊겠단 폭언""",https://www.yna.co.kr/view/AKR20260522130800001,이정현,2026-05-22T17:17:21+09:00,2026-05-22T18:51:27.271165+09:00
AKR20260522054851054,"임문영 광산을 후보 ""AI 생활안전 도시 만들겠다""(종합)",https://www.yna.co.kr/view/AKR20260522054851054,박철홍,2026-05-22T17:17:10+09:00,2026-05-22T18:51:27.271200+09:00
AKR20260522119700062,"속초시장 선거 '대관람차' 공방 격화…""허위사실"" vs ""동문서답""",https://www.yna.co.kr/view/AKR20260522119700062,류호준,2026-05-22T17:16:23+09:00,2026-05-22T18:51:27.271235+09:00
AKR20260522133000054,"박종원 담양군수 후보 ""광주 판다 유치 연계해 관광벨트 조성""",https://www.yna.co.kr/view/AKR20260522133000054,박철홍,2026-05-22T17:11:08+09:00,2026-05-22T18:51:27.271269+09:00
AKR20260522131500001,"金총리 ""사거리에 표지판 위험하게 방치…장마철 철저 점검해야""",https://www.yna.co.kr/view/AKR20260522131500001,이상현,2026-05-22T17:10:52+09:00,2026-05-22T18:51:27.271304+09:00
AKR20260522133900504,"국방부, 스타벅스코리아와 협업한 장병 복지사업 잠정중단",https://www.yna.co.kr/view/AKR20260522133900504,김효정,2026-05-22T17:10:28+09:00,2026-05-22T18:51:27.271344+09:00
AKR20260522067751001,"오세훈 ""鄭 무능부패 드러나고 있다""…한강벨트서 '부동산' 공세(종합)",https://www.yna.co.kr/view/AKR20260522067751001,박수윤,2026-05-22T17:07:05+09:00,2026-05-22T18:51:27.271454+09:00
AKR20260522128200001,"포항서 '국토대전환 현장랩' 첫 진행…""지역성장 요인 확인""",https://www.yna.co.kr/view/AKR20260522128200001,이상현,2026-05-22T17:05:18+09:00,2026-05-22T18:51:27.271499+09:00
AKR20260522132100052,"민주, 국힘 차석호 함안군수 후보 지방공무원법 위반 혐의 고발",https://www.yna.co.kr/view/AKR20260522132100052,김선경,2026-05-22T17:04:57+09:00,2026-05-22T18:51:27.271533+09:00
AKR20260522119400001,"신동욱, 與하정우와 '파이팅' 논란…韓 ""제 당선 막으려 河지원""",https://www.yna.co.kr/view/AKR20260522119400001,이정현,2026-05-22T17:02:44+09:00,2026-05-22T18:51:27.271567+09:00
AKR20260522013852063,"대전MBC, 김태흠 모두발언 방송 누락…국힘 ""선거공작 의심""(종합2보)",https://www.yna.co.kr/view/AKR20260522013852063,김준범,2026-05-22T17:00:55+09:00,2026-05-22T18:51:27.271601+09:00
AKR20260522125700063,'5파전' 대전교육감 선거전 후끈…공약발표에 '단일화' 신경전도,https://www.yna.co.kr/view/AKR20260522125700063,이주형,2026-05-22T16:56:31+09:00,2026-05-22T18:51:27.271635+09:00
AKR20260522127500704,"[영상] J-10CE vs 유로파이터 모의 공중전 벌였더니…""9대0""",https://www.yna.co.kr/view/AKR20260522127500704,김건태,2026-05-22T16:45:58+09:00,2026-05-22T18:51:27.271670+09:00
AKR20260522124500054,"'스벅 5·18 탱크데이' 전남광주 정치권, 연일 규탄",https://www.yna.co.kr/view/AKR20260522124500054,박철홍,2026-05-22T16:45:52+09:00,2026-05-22T18:51:27.271704+09:00
AKR20260522123600054,"광주서 통합교육감 선거 일부 벽보, 김대중 후보 공보물 누락",https://www.yna.co.kr/view/AKR20260522123600054,정회성,2026-05-22T16:30:37+09:00,2026-05-22T18:51:27.271739+09:00
AKR20260522115200001,"與, '조국 멍 발언 논란' 김용남에 ""득표에 도움안돼…유의해야""",https://www.yna.co.kr/view/AKR20260522115200001,서혜림,2026-05-22T16:19:47+09:00,2026-05-22T18:51:27.271772+09:00
AKR20260522118800052,"민주 ""박완수 조카, 경남출연기관 채용 의혹""…박 측 ""적법절차""",https://www.yna.co.kr/view/AKR20260522118800052,이정훈,2026-05-22T16:18:12+09:00,2026-05-22T18:51:27.272136+09:00
AKR20260522069751504,'바다의 패트리엇' SM-6 함대공유도탄 2034년까지 전력화 완료(종합),https://www.yna.co.kr/view/AKR20260522069751504,김효정,2026-05-22T16:16:39+09:00,2026-05-22T18:51:27.272195+09:00
AKR20260522117900064,"""법카 사적사용"" vs ""음주운전 벌금""…괴산군수 후보들 난타전",https://www.yna.co.kr/view/AKR20260522117900064,박재천,2026-05-22T16:05:47+09:00,2026-05-22T18:51:27.272282+09:00
AKR20260522117800004,"'탱크데이' 논란…법무부, 대검에 ""스타벅스 구매 보고하라""",https://www.yna.co.kr/view/AKR20260522117800004,이밝음,2026-05-22T16:01:28+09:00,2026-05-22T18:51:27.272346+09:00
AKR20260522040351001,"국힘, MBC '김태흠 모두발언 누락'에 ""의도적…중대 선거 범죄""(종합)",https://www.yna.co.kr/view/AKR20260522040351001,이정현,2026-05-22T16:00:06+09:00,2026-05-22T18:51:27.272384+09:00
AKR20260522087000504,"軍, 직충돌 요격드론 신속개발…중형 자폭드론 위협 대응",https://www.yna.co.kr/view/AKR20260522087000504,김효정,2026-05-22T16:00:04+09:00,2026-05-22T18:51:27.272420+09:00
AKR20260522116200704,[쇼츠] ICBM·SLBM·폭격기…푸틴 '핵전력 3축' 과시,https://www.yna.co.kr/view/AKR20260522116200704,김건태,2026-05-22T15:57:10+09:00,2026-05-22T18:51:27.272455+09:00
AKR20260522107200052,"경남교육감 후보들, TV토론 격돌…공약·자질 두고 설전",https://www.yna.co.kr/view/AKR20260522107200052,정종호,2026-05-22T15:56:57+09:00,2026-05-22T18:51:27.272489+09:00
AKR20260522113100065,"'공천헌금 의혹' 국힘 박종진, 개혁신당 정승연 무고 맞고소",https://www.yna.co.kr/view/AKR20260522113100065,최은지,2026-05-22T15:44:47+09:00,2026-05-22T18:51:27.272525+09:00
AKR20260522108100063,"""학력 격차 줄이자""…충남교육감 후보들 기초학력 공약 제시",https://www.yna.co.kr/view/AKR20260522108100063,김준범,2026-05-22T15:38:03+09:00,2026-05-22T18:51:27.272559+09:00
AKR20260522081551001,"李대통령 ""AI에 의한 일자리 대체 화두…ILO 역할 기대""(종합)",https://www.yna.co.kr/view/AKR20260522081551001,황윤기,2026-05-22T15:37:15+09:00,2026-05-22T18:51:27.272600+09:00
AKR20260522108200530,"조전혁 ""직무평가 꼴찌 교육감"" vs 정근식 ""동의하기 어려워""",https://www.yna.co.kr/view/AKR20260522108200530,오보람,2026-05-22T15:36:18+09:00,2026-05-22T18:51:27.272634+09:00
AKR20260522102300063,"""성비위 시의원직 상실 지역구 또 공천"" vs ""철 지난 네거티브""",https://www.yna.co.kr/view/AKR20260522102300063,양영석,2026-05-22T15:26:42+09:00,2026-05-22T18:51:27.272668+09:00
AKR20260522107000052,"박완수 ""사천시, 프랑스 툴루즈같은 고소득 우주항공도시로""",https://www.yna.co.kr/view/AKR20260522107000052,이정훈,2026-05-22T15:20:39+09:00,2026-05-22T18:51:27.272701+09:00
AKR20260522103600064,"영동군수 여야 후보, 국악예술고·대기업 유치 놓고 설전",https://www.yna.co.kr/view/AKR20260522103600064,박병기,2026-05-22T15:20:04+09:00,2026-05-22T18:51:27.272734+09:00
AKR20260522105400055,"천호성 전북교육감 후보 ""특별감찰위 도입""…반부패 공약 발표",https://www.yna.co.kr/view/AKR20260522105400055,백도인,2026-05-22T15:19:28+09:00,2026-05-22T18:51:27.272766+09:00
AKR20260522101300055,"김관영 전북지사 후보 ""李대통령의 최대 리스크는 정청래""",https://www.yna.co.kr/view/AKR20260522101300055,임채두,2026-05-22T15:14:36+09:00,2026-05-22T18:51:27.272799+09:00
AKR20260522100600061,"'한명이라도 더 만나야'…경기지사 후보들, 도 전역서 표심공략",https://www.yna.co.kr/view/AKR20260522100600061,최해민,2026-05-22T15:08:19+09:00,2026-05-22T18:51:27.272832+09:00
AKR20260522103700051,"""제대로 알고 말하라""·""흑색선전""…전재수·박형준 날선 공방",https://www.yna.co.kr/view/AKR20260522103700051,이영재,2026-05-22T15:05:44+09:00,2026-05-22T18:51:27.272865+09:00
AKR20260522093500052,노무현 전 대통령 17주기 앞둔 봉하마을…'노란색 추모 물결',https://www.yna.co.kr/view/AKR20260522093500052,이준영,2026-05-22T15:01:19+09:00,2026-05-22T18:51:27.272897+09:00
AKR20260522069700504,'바다의 패트리엇' SM-6 장거리함대공유도탄 2034년까지 도입,https://www.yna.co.kr/view/AKR20260522069700504,김효정,2026-05-22T14:59:05+09:00,2026-05-22T18:51:27.272930+09:00
AKR20260522098600063,"박수현 ""김태흠 행정통합·재정 발언 허위…공세 중단해야""",https://www.yna.co.kr/view/AKR20260522098600063,김준범,2026-05-22T14:58:39+09:00,2026-05-22T18:51:27.272966+09:00
AKR20260522097800051,"박민식 ""91세 노모 관련 허위사실 유포, 법적 조치""",https://www.yna.co.kr/view/AKR20260522097800051,오수희,2026-05-22T14:55:01+09:00,2026-05-22T18:51:27.272998+09:00
AKR20260522099300001,"대통령경호처, 신임 경호관 공채…내달 30일까지 접수",https://www.yna.co.kr/view/AKR20260522099300001,황윤기,2026-05-22T14:46:09+09:00,2026-05-22T18:51:27.273031+09:00
AKR20260522096800062,"강릉시체육회 종목단체장들 ""선거 개입 의혹은 허위"" 반박",https://www.yna.co.kr/view/AKR20260522096800062,류호준,2026-05-22T14:44:27+09:00,2026-05-22T18:51:27.273064+09:00
AKR20260522095200504,[게시판] 육·해·공군 '과학기술분야 전문특기병' 모집,https://www.yna.co.kr/view/AKR20260522095200504,김효정,2026-05-22T14:24:29+09:00,2026-05-22T18:51:27.273097+09:00
AKR20260522089500063,민주당 대전 서구청장 선거에 '범죄 이력 현수막' 게시 논란,https://www.yna.co.kr/view/AKR20260522089500063,박주영,2026-05-22T14:17:59+09:00,2026-05-22T18:51:27.273132+09:00
AKR20260522075100054,"[르포] ""후보가 누구에요?""…무관심 속 막오른 광주 광산을 보선",https://www.yna.co.kr/view/AKR20260522075100054,김혜인,2026-05-22T14:15:41+09:00,2026-05-22T18:51:27.273165+09:00
AKR20260522088100053,당내 경선서 거짓 응답 유도한 군수 후보 동생 고발,https://www.yna.co.kr/view/AKR20260522088100053,손대성,2026-05-22T14:01:37+09:00,2026-05-22T18:51:27.273198+09:00
AKR20260522089700052,"합천군수 토론, 모친상 류순철 불참 속 김윤철 단독 대담회로",https://www.yna.co.kr/view/AKR20260522089700052,박정헌,2026-05-22T14:01:35+09:00,2026-05-22T18:51:27.273231+09:00
AKR20260522045100030,"중기부, 생협법 개정에 첫 현장간담회…의료·돌봄 등 과제 점검",https://www.yna.co.kr/view/AKR20260522045100030,이상서,2026-05-22T14:00:03+09:00,2026-05-22T18:51:27.273263+09:00
AKR20260522060300001,"'비 오는 밤에도 차선 잘 보이도록'…정부, 성능 기준 강화",https://www.yna.co.kr/view/AKR20260522060300001,황윤기,2026-05-22T14:00:02+09:00,2026-05-22T18:51:27.273296+09:00
AKR20260522090200797,[영상] 핵잠 드디어 스타트!…진도 확 빼야 하는 이유,https://www.yna.co.kr/view/AKR20260522090200797,이정진,2026-05-22T13:59:10+09:00,2026-05-22T18:51:27.273335+09:00
AKR20260522088700504,"외교부 ""'이스라엘軍이 구타' 증언 엄중 인식…조치 취할것""",https://www.yna.co.kr/view/AKR20260522088700504,김지헌,2026-05-22T13:57:32+09:00,2026-05-22T18:51:27.273369+09:00
AKR20260522086600063,"국힘, 민주당 대덕구청장 경선 관련 대전시당 위원장 고발",https://www.yna.co.kr/view/AKR20260522086600063,박주영,2026-05-22T13:47:58+09:00,2026-05-22T18:51:27.273402+09:00
AKR20260522081500001,"李대통령 ""AI에 의한 일자리 대체 화두…ILO 역할 기대""",https://www.yna.co.kr/view/AKR20260522081500001,임형섭,2026-05-22T13:46:18+09:00,2026-05-22T18:51:27.273440+09:00
AKR20260522082900061,'선거전 속 애도'…의왕시장 후보 부친상에 유세 자제,https://www.yna.co.kr/view/AKR20260522082900061,최종호,2026-05-22T13:38:29+09:00,2026-05-22T18:51:27.273472+09:00
AKR20260522077500055,"박지원 ""대통령과 소통하는 이원택 선출돼야 전북 미래에 최선""",https://www.yna.co.kr/view/AKR20260522077500055,임채두,2026-05-22T12:28:59+09:00,2026-05-22T18:51:27.273514+09:00
AKR20260522072900001,"""지방선거서 與후보 당선"" 46%…""野 후보 당선"" 33%[한국갤럽]",https://www.yna.co.kr/view/AKR20260522072900001,박재하,2026-05-22T12:17:43+09:00,2026-05-22T18:51:27.273553+09:00
AKR20260522075500704,"[영상] '6개 핵탄두·마하20' 야르스 ICBM 발사…푸틴, 핵전력 과시",https://www.yna.co.kr/view/AKR20260522075500704,김건태,2026-05-22T12:13:05+09:00,2026-05-22T18:51:27.273587+09:00
AKR20260522073900001,"정원오, 구의역 추모행사 찾아 ""안전하게 일할 권리 있는 서울""",https://www.yna.co.kr/view/AKR20260522073900001,김정진,2026-05-22T12:12:12+09:00,2026-05-22T18:51:27.273621+09:00
AKR20260522072100001,鄭·吳 대결 대혼전…'초접전'·'鄭 오차밖 우세' 여론조사 혼재,https://www.yna.co.kr/view/AKR20260522072100001,서혜림,2026-05-22T12:11:21+09:00,2026-05-22T18:51:27.273661+09:00
AKR20260522025400001,"""공무원 해외교육 결과보고서 1천385건 중 11건 AI 부적절 활용""",https://www.yna.co.kr/view/AKR20260522025400001,이상현,2026-05-22T12:00:04+09:00,2026-05-22T18:51:27.273694+09:00
AKR20260522028500001,"감사원, 인사처·서울대와 적극행정 활성화 방안 논의",https://www.yna.co.kr/view/AKR20260522028500001,이상현,2026-05-22T12:00:03+09:00,2026-05-22T18:51:27.273726+09:00
AKR20260522073400504,"국방부, '평양 무인기 사건' 정찰드론 전력화 과정 감사",https://www.yna.co.kr/view/AKR20260522073400504,김효정,2026-05-22T11:51:44+09:00,2026-05-22T18:51:27.273764+09:00
AKR20260522067700001,"오세훈 ""鄭 무능부패 드러나고 있다""…한강벨트서 '부동산' 공세",https://www.yna.co.kr/view/AKR20260522067700001,박수윤,2026-05-22T11:45:37+09:00,2026-05-22T18:51:27.273812+09:00
AKR20260522069500061,"평택시장 후보 최원용·차화열, 토론회서 공방…""내가 적임자""",https://www.yna.co.kr/view/AKR20260522069500061,김광호,2026-05-22T11:42:43+09:00,2026-05-22T18:51:27.273848+09:00
AKR20260521185200063,"[르포] ""박수현이 정부와 소통 잘되니…"" vs ""김태흠이 일 많이 했잖아""",https://www.yna.co.kr/view/AKR20260521185200063,이주형,2026-05-22T11:30:01+09:00,2026-05-22T18:51:27.273890+09:00
AKR20260522066700001,"與, 'GTX 철근누락' 吳 때리기…""선거 이기려 국민 안전 뒷전""",https://www.yna.co.kr/view/AKR20260522066700001,안정훈,2026-05-22T11:29:46+09:00,2026-05-22T18:51:27.273923+09:00
AKR20260522067500062,"우상호 강원지사·구자열 원주시장 후보, 원주 미래 변화 공약",https://www.yna.co.kr/view/AKR20260522067500062,임보연,2026-05-22T11:27:32+09:00,2026-05-22T18:51:27.273956+09:00
AKR20260522039251001,"정부, 스쿨존 속도완화·축협회장 직선제 등 정상화 과제 확정(종합)",https://www.yna.co.kr/view/AKR20260522039251001,이상현,2026-05-22T11:23:01+09:00,2026-05-22T18:51:27.273988+09:00
AKR20260522013851063,"대전MBC, 김태흠 모두발언 방송 누락…국힘 ""선거공작 의심""(종합)",https://www.yna.co.kr/view/AKR20260522013851063,김준범,2026-05-22T11:20+09:00,2026-05-22T18:51:27.274021+09:00
AKR20260522064800001,"與, 충북·강원行…'강호축' 등 지역공약 앞세워 부동층 공략",https://www.yna.co.kr/view/AKR20260522064800001,서혜림,2026-05-22T11:18:25+09:00,2026-05-22T18:51:27.274054+09:00
AKR20260522066900056,제주 지방선거·서귀포시 보궐후보 토론회 일정 확정,https://www.yna.co.kr/view/AKR20260522066900056,백나용,2026-05-22T11:16:09+09:00,2026-05-22T18:51:27.274097+09:00
AKR20260522063100065,"인천시장 여야후보, 軍心 다지기…'명예해병' vs '베테랑패스'",https://www.yna.co.kr/view/AKR20260522063100065,신민재,2026-05-22T11:10:06+09:00,2026-05-22T18:51:27.274131+09:00
AKR20260522060900065,유정복 '가상자산 신고 누락' 의혹 놓고 인천시장 선거전 가열,https://www.yna.co.kr/view/AKR20260522060900065,홍현기,2026-05-22T11:08:35+09:00,2026-05-22T18:51:27.274162+09:00
AKR20260522057300001,"장동혁 경기·송언석 울산…국힘, 험지·텃밭 동시 공략",https://www.yna.co.kr/view/AKR20260522057300001,노선웅,2026-05-22T10:58:44+09:00,2026-05-22T18:51:27.274194+09:00
AKR20260522050900053,"대구시장 후보들, 출근길 표심 공략…첫 TV토론 격돌 예고",https://www.yna.co.kr/view/AKR20260522050900053,한무선,2026-05-22T10:57:08+09:00,2026-05-22T18:51:27.274226+09:00
AKR20260522051851001,李대통령 지지율 64%로 전주 대비 3%p↑…전 지역서 과반 기록[한국갤럽](종합),https://www.yna.co.kr/view/AKR20260522051851001,박재하,2026-05-22T10:56:04+09:00,2026-05-22T18:51:27.274258+09:00
AKR20260522061400052,사전투표 일주일 앞…창원시장 여야 후보 표밭 다지기 주력,https://www.yna.co.kr/view/AKR20260522061400052,김선경,2026-05-22T10:52:24+09:00,2026-05-22T18:51:27.274294+09:00
AKR20260522059200055,"임형택 익산시장 후보 ""미륵사지·백제왕궁 야간 관광벨트 조성""",https://www.yna.co.kr/view/AKR20260522059200055,김진방,2026-05-22T10:44:15+09:00,2026-05-22T18:51:27.274340+09:00
AKR20260522054600001,"정청래 ""5·18조롱 처벌법 선거직후 처리…정용진 석고대죄하길""",https://www.yna.co.kr/view/AKR20260522054600001,김남권,2026-05-22T10:39:32+09:00,2026-05-22T18:51:27.274374+09:00
AKR20260522039451001,"장동혁 ""민주당 후보는 갑질 자격증 있어야 되나…심판해야""(종합)",https://www.yna.co.kr/view/AKR20260522039451001,이정현,2026-05-22T10:32:20+09:00,2026-05-22T18:51:27.274410+09:00
AKR20260522054800054,"임문영 광산을 후보, 전 현대차 사장 만나 '광주 모빌리티' 논의",https://www.yna.co.kr/view/AKR20260522054800054,박철홍,2026-05-22T10:30:27+09:00,2026-05-22T18:51:27.274450+09:00
AKR20260522051800001,李대통령 지지율 64%로 전주 대비 3%p↑…민주 45%·국힘 22%[한국갤럽],https://www.yna.co.kr/view/AKR20260522051800001,박재하,2026-05-22T10:28:05+09:00,2026-05-22T18:51:27.274481+09:00
AKR20260522047000053,"사무용 칼로 선거 현수막 철거 혐의…선관위, 상인 고발",https://www.yna.co.kr/view/AKR20260522047000053,손대성,2026-05-22T10:13:34+09:00,2026-05-22T18:51:27.274513+09:00
AKR20260522046700017,"KT, 선거·연휴 대비 전국 통신 인프라 점검",https://www.yna.co.kr/view/AKR20260522046700017,박형빈,2026-05-22T10:07:02+09:00,2026-05-22T18:51:27.274544+09:00
AKR20260522040300001,"국힘, '대전MBC 토론 김태흠 모두발언 누락'에 ""불법 선거개입""",https://www.yna.co.kr/view/AKR20260522040300001,이정현,2026-05-22T10:01:54+09:00,2026-05-22T18:51:27.274580+09:00
AKR20260522043500051,"박형준, 전재수·하정우 동시 저격…""민주당 프레임 정치 콤비""",https://www.yna.co.kr/view/AKR20260522043500051,이영재,2026-05-22T09:59:32+09:00,2026-05-22T18:51:27.274612+09:00
AKR20260522039400001,"장동혁 ""민주당 후보는 갑질 자격증 있어야 되나…심판해야""",https://www.yna.co.kr/view/AKR20260522039400001,이정현,2026-05-22T09:53:53+09:00,2026-05-22T18:51:27.274644+09:00
AKR20260522041200504,"보훈장관 ""스벅코리아에 깊은유감…5·18 허위사실유포 모니터""",https://www.yna.co.kr/view/AKR20260522041200504,김효정,2026-05-22T09:52:41+09:00,2026-05-22T18:51:27.274676+09:00
AKR20260522039200001,"정부, 스쿨존 속도규제 합리화 등 정상화 프로젝트 164개 확정",https://www.yna.co.kr/view/AKR20260522039200001,이상현,2026-05-22T09:50:01+09:00,2026-05-22T18:51:27.274706+09:00
AKR20260522040800001,"李대통령 ""金총리·차지호, 대한민국의 복""…글로벌AI허브 격려",https://www.yna.co.kr/view/AKR20260522040800001,임형섭,2026-05-22T09:46:32+09:00,2026-05-22T18:51:27.274736+09:00
AKR20260522036100001,"李대통령, ILO 사무총장 접견…노동정책 방향 논의",https://www.yna.co.kr/view/AKR20260522036100001,황윤기,2026-05-22T09:33:42+09:00,2026-05-22T18:51:27.274767+09:00
AKR20260522034200065,"박찬대 선대위, '가상자산 신고 누락 의혹' 유정복 고발",https://www.yna.co.kr/view/AKR20260522034200065,홍현기,2026-05-22T09:17:55+09:00,2026-05-22T18:51:27.274797+09:00
AKR20260522031700065,"인천서 행정복지센터 직원이 선거현수막 회수…경찰 ""경위 확인""",https://www.yna.co.kr/view/AKR20260522031700065,최은지,2026-05-22T09:06:21+09:00,2026-05-22T18:51:27.274831+09:00
AKR20260522028400051,박민식 삭발에 부산 북갑 보수 단일화 물 건너가나,https://www.yna.co.kr/view/AKR20260522028400051,오수희,2026-05-22T08:59:55+09:00,2026-05-22T18:51:27.274863+09:00
AKR20260522021900504,[인사] 외교부,https://www.yna.co.kr/view/AKR20260522021900504,김지헌,2026-05-22T08:12:24+09:00,2026-05-22T18:51:27.274893+09:00
AKR20260522017900504,"외교차관, 美의원 등 만나 조인트팩트시트 이행 관심 당부",https://www.yna.co.kr/view/AKR20260522017900504,김지헌,2026-05-22T08:01:44+09:00,2026-05-22T18:51:27.274923+09:00
AKR20260521156500030,"정부, 7월 '모두의 창업' 2차 모집…선발 인원 1만명으로 확대",https://www.yna.co.kr/view/AKR20260521156500030,이상서,2026-05-22T08:00:03+09:00,2026-05-22T18:51:27.274954+09:00
AKR20260522019900051,"한동훈 ""YS 차남 김현철 이사장, 23일 캠프서 지지 선언""",https://www.yna.co.kr/view/AKR20260522019900051,오수희,2026-05-22T07:58:50+09:00,2026-05-22T18:51:27.274985+09:00
AKR20260522013800063,"대전MBC, 김태흠 모두발언 방송 누락…김태흠측 ""공정성 훼손""",https://www.yna.co.kr/view/AKR20260522013800063,김준범,2026-05-22T07:28:06+09:00,2026-05-22T18:51:27.275015+09:00
AKR20260521110400051,[부산 기초단체장 격전지] ⑥ '낙동강 벨트' 사상구 3자 구도,https://www.yna.co.kr/view/AKR20260521110400051,차근호,2026-05-22T07:10:06+09:00,2026-05-22T18:51:27.275057+09:00
AKR20260521110600051,[부산 기초단체장 격전지] ⑤ 단일화로 양자 대결 재편된 연제구,https://www.yna.co.kr/view/AKR20260521110600051,차근호,2026-05-22T07:10:06+09:00,2026-05-22T18:51:27.275089+09:00
AKR20260521110700051,[부산 기초단체장 격전지] ④ '승부도 삼세번' 부산진구,https://www.yna.co.kr/view/AKR20260521110700051,차근호,2026-05-22T07:10:05+09:00,2026-05-22T18:51:27.275121+09:00
AKR20260521110800051,[부산 기초단체장 격전지] ③ 여야 4개 정당 후보 격돌 금정구,https://www.yna.co.kr/view/AKR20260521110800051,차근호,2026-05-22T07:10:03+09:00,2026-05-22T18:51:27.275178+09:00
AKR20260521110900051,[부산 기초단체장 격전지] ② 4년만에 재대결 해운대구,https://www.yna.co.kr/view/AKR20260521110900051,차근호,2026-05-22T07:10:02+09:00,2026-05-22T18:51:27.275214+09:00
AKR20260521111000051,[부산 기초단체장 격전지] ① 현직 빠진 기장군 4자 구도 안갯속,https://www.yna.co.kr/view/AKR20260521111000051,차근호,2026-05-22T07:10:02+09:00,2026-05-22T18:51:27.275245+09:00
AKR20260521111100051,"부산 기초단체장 선거 민주 ""절반 이상"", 국힘 ""전석 수성"" 목표",https://www.yna.co.kr/view/AKR20260521111100051,차근호,2026-05-22T07:10:01+09:00,2026-05-22T18:51:27.275276+09:00
AKR20260521178800001,[오늘의 국회일정](22일·금),https://www.yna.co.kr/view/AKR20260521178800001,안정훈,2026-05-22T07:00:02+09:00,2026-05-22T18:51:27.275311+09:00
AKR20260521165200004,'관저이전 의혹' 尹정부 김대기·윤재순·김오진 오늘 구속 심사,https://www.yna.co.kr/view/AKR20260521165200004,이밝음,2026-05-22T06:00:15+09:00,2026-05-22T18:51:27.275342+09:00
AKR20260522145200007,"결승 앞두고 더 밝아진 내고향, 웃음꽃 피우며 최종 담금질",https://www.yna.co.kr/view/AKR20260522145200007,배진남,2026-05-22T18:02:05+09:00,2026-05-22T18:51:27.275374+09:00
AKR20260522133400504,[북한단신] 국립연극단 창립 80돌 기념보고회,https://www.yna.co.kr/view/AKR20260522133400504,이은정,2026-05-22T17:01:53+09:00,2026-05-22T18:51:27.275440+09:00
AKR20260522078800007,"AWCL 결승 앞둔 내고향 감독 ""거친 경기? 허용 범위 안 최선""",https://www.yna.co.kr/view/AKR20260522078800007,배진남,2026-05-22T12:51:19+09:00,2026-05-22T18:51:27.275472+09:00
AKR20260522067900061,"북한 내고향, 대망의 AWCL 결승전 하루 앞두고 막바지 맹훈련",https://www.yna.co.kr/view/AKR20260522067900061,김솔,2026-05-22T11:28:39+09:00,2026-05-22T18:51:27.275508+09:00
AKR20260522011000085,"태영호 ""김정은, 주애 태어나자 혈통주의로…10년간 후계 준비""",https://www.yna.co.kr/view/AKR20260522011000085,김지연,2026-05-22T07:11:44+09:00,2026-05-22T18:51:27.275545+09:00
AKR20260522011900504,[북한날씨] 전 지역 가끔 구름 많다가 밤부터 차차 흐려져,https://www.yna.co.kr/view/AKR20260522011900504,권수현,2026-05-22T06:37:25+09:00,2026-05-22T18:51:27.275583+09:00
AKR20260521089000504,"유엔인권전문가 ""납북자 해결은 평화 선결조건…北에 제기해야""",https://www.yna.co.kr/view/AKR20260521089000504,김동현,2026-05-22T06:00:22+09:00,2026-05-22T18:51:27.275621+09:00
AKR20260521158400504,"정동영, 美전문가와 간담회…'현실적 북핵 해법' 의견교환",https://www.yna.co.kr/view/AKR20260521158400504,하채림,2026-05-21T17:56:48+09:00,2026-05-22T18:51:27.275686+09:00
AKR20260521155200504,[북한단신] 러시아 방문하는 황해남도 대표단 출발,https://www.yna.co.kr/view/AKR20260521155200504,이은정,2026-05-21T17:47:56+09:00,2026-05-22T18:51:27.275727+09:00
AKR20260521151900504,"北억류 선교사 가족 ""집으로 돌아올 수 있도록""…석방 촉구",https://www.yna.co.kr/view/AKR20260521151900504,이은정,2026-05-21T17:47:07+09:00,2026-05-22T18:51:27.275759+09:00
AKR20260521146900054,"탈북자 위장 남파 간첩, 출소 후 보안관찰 위반 재판행",https://www.yna.co.kr/view/AKR20260521146900054,정회성,2026-05-21T16:39:35+09:00,2026-05-22T18:51:27.275790+09:00
AKR20260521145100504,"北 ""무분별한 한미 무력증강에 대칭적 조치 실행 강구"" 위협",https://www.yna.co.kr/view/AKR20260521145100504,이은정,2026-05-21T16:25:54+09:00,2026-05-22T18:51:27.275821+09:00
AKR20260521135200083,"中대사, 평양 협동농장서 모내기…""중·북 우호 중요한 상징""",https://www.yna.co.kr/view/AKR20260521135200083,정성조,2026-05-21T15:49:22+09:00,2026-05-22T18:51:27.275862+09:00
AKR20260521014951504,"北, '내고향'팀 승전보 전해…""한국 수원팀 이기고 결승진출""(종합)",https://www.yna.co.kr/view/AKR20260521014951504,하채림,2026-05-21T11:35:28+09:00,2026-05-22T18:51:27.275893+09:00
AKR20260521084000007,내고향 vs 도쿄…아시아 여자축구 챔피언 자리 놓고 23일 격돌,https://www.yna.co.kr/view/AKR20260521084000007,안홍석,2026-05-21T11:22:17+09:00,2026-05-22T18:51:27.275924+09:00
AKR20260521059900504,"정동영, 시진핑 방북설에 ""성사되면 북미회담 당연히 논의될 것""",https://www.yna.co.kr/view/AKR20260521059900504,하채림,2026-05-21T10:30:43+09:00,2026-05-22T18:51:27.275965+09:00
AKR20260521017700001,"靑, 시진핑 방북 가능성에 ""동향 주시…中 건설적 역할 기대""",https://www.yna.co.kr/view/AKR20260521017700001,임형섭,2026-05-21T07:13:12+09:00,2026-05-22T18:51:27.275999+09:00
AKR20260521016400504,[북한날씨] 전 지역에 비…함경도 일부 최대 80㎜,https://www.yna.co.kr/view/AKR20260521016400504,전명훈,2026-05-21T06:57:12+09:00,2026-05-22T18:51:27.276029+09:00
AKR20260521014900504,"北, '내고향'팀 승전보 전해…""한국 수원팀 이기고 결승진출""",https://www.yna.co.kr/view/AKR20260521014900504,전명훈,2026-05-21T06:45:59+09:00,2026-05-22T18:51:27.276073+09:00
AKR20260520195100504,"96세 비전향장기수도, 탈북가족도 비바람 속 내고향·수원 연호",https://www.yna.co.kr/view/AKR20260520195100504,하채림,2026-05-20T23:51:40+09:00,2026-05-22T18:51:27.276106+09:00
AKR20260520186251007,"'PK 실축' 수원FC, 북한 내고향에 1-2 역전패…AWCL 결승행 불발(종합)",https://www.yna.co.kr/view/AKR20260520186251007,오명언,2026-05-20T21:07:14+09:00,2026-05-22T18:51:27.276137+09:00
AKR20260520186200007,"'PK 실축' 수원FC, 북한 내고향에 1-2 역전패…AWCL 결승행 불발",https://www.yna.co.kr/view/AKR20260520186200007,오명언,2026-05-20T20:57:14+09:00,2026-05-22T18:51:27.276168+09:00
AKR20260520162800504,[북한단신] 단천발전소 1단계 준공식,https://www.yna.co.kr/view/AKR20260520162800504,이은정,2026-05-20T17:03:15+09:00,2026-05-22T18:51:27.276205+09:00
AKR20260520144851504,"통일장관 ""평화적 두 국가론, '北두국가론'과 본질적으로 달라""(종합)",https://www.yna.co.kr/view/AKR20260520144851504,이은정,2026-05-20T17:01:15+09:00,2026-05-22T18:51:27.276237+09:00
AKR20260520144800504,"통일장관 ""평화적 두 국가론, '北두국가론'과 본질적으로 달라""",https://www.yna.co.kr/view/AKR20260520144800504,이은정,2026-05-20T15:58:13+09:00,2026-05-22T18:51:27.276273+09:00
AKR20260520100200504,"정동영 ""北축구단 방남, 좋은 선례 남기는 게 목표""",https://www.yna.co.kr/view/AKR20260520100200504,하채림,2026-05-20T13:46:58+09:00,2026-05-22T18:51:27.276315+09:00
AKR20260520033851009,"""北, 최근 서해 위성발사장서 로켓엔진 연소시험 진행한 듯""(종합)",https://www.yna.co.kr/view/AKR20260520033851009,김효정,2026-05-20T10:05:58+09:00,2026-05-22T18:51:27.276347+09:00
AKR20260520033800009,"""北, 최근 서해 위성발사장서 로켓엔진 연소시험 진행한 듯""",https://www.yna.co.kr/view/AKR20260520033800009,오수진,2026-05-20T09:19:54+09:00,2026-05-22T18:51:27.276378+09:00
AKR20260520039400009,"북중 4월 교역량, 8년여만에 최고…""러시아발 전쟁자금 덕분""",https://www.yna.co.kr/view/AKR20260520039400009,고일환,2026-05-20T09:17:20+09:00,2026-05-22T18:51:27.276469+09:00
AKR20260520017400504,[북한날씨] 전 지역 대체로 흐림…황해도 등 곳에 따라 비,https://www.yna.co.kr/view/AKR20260520017400504,권수현,2026-05-20T07:22:23+09:00,2026-05-22T18:51:27.276659+09:00
AKR20260520016800504,U-17 아시안컵 우승 北여자축구 대표팀 귀국…평양서 카퍼레이드,https://www.yna.co.kr/view/AKR20260520016800504,권수현,2026-05-20T07:16:45+09:00,2026-05-22T18:51:27.276723+09:00
AKR20260519151500002,"평양선 1달러에 7만100원, 올들어 80% 뛰어…""통화량 증가 때문""",https://www.yna.co.kr/view/AKR20260519151500002,한지훈,2026-05-20T06:33:30+09:00,2026-05-22T18:51:27.276779+09:00
AKR20260520007000071,"美전문가 ""트럼프, 한반도 골칫거리없는 안정 중시""…""시급성無""",https://www.yna.co.kr/view/AKR20260520007000071,조준형,2026-05-20T05:08:24+09:00,2026-05-22T18:51:27.276838+09:00
AKR20260519165751108,"러 외무부 ""올해 북한 최선희 외무상 방문 기대""",https://www.yna.co.kr/view/AKR20260519165751108,김동호,2026-05-19T19:14:52+09:00,2026-05-22T18:51:27.276882+09:00
AKR20260519165700108,"[속보] 러 외무부 ""올해 북한 외무상 방문 기대""<러 매체>",https://www.yna.co.kr/view/AKR20260519165700108,김동호,2026-05-19T18:56:03+09:00,2026-05-22T18:51:27.276925+09:00
AKR20260519155300504,"[북한단신] 박태성 총리, 불가리아 신임 총리에게 축전",https://www.yna.co.kr/view/AKR20260519155300504,권수현,2026-05-19T17:45:20+09:00,2026-05-22T18:51:27.276968+09:00
AKR20260519153100504,"""함께 그리는 평화""…제14회 평화통일교육주간 25일 개막",https://www.yna.co.kr/view/AKR20260519153100504,하채림,2026-05-19T17:23:09+09:00,2026-05-22T18:51:27.277010+09:00
AKR20260519088651504,"통일부 ""'평화적 2국가론'은 李정부 평화공존정책 이행전략""(종합)",https://www.yna.co.kr/view/AKR20260519088651504,하채림,2026-05-19T17:20:45+09:00,2026-05-22T18:51:27.277052+09:00
AKR20260519150800007,"나이키·아디다스 신은 내고향축구단, 밝은 표정으로 훈련 공개",https://www.yna.co.kr/view/AKR20260519150800007,배진남,2026-05-19T17:04:49+09:00,2026-05-22T18:51:27.277094+09:00
AKR20260519040851001,"국힘 ""李정부 통일백서 두 국가론은 위헌""…與 ""무지·억지""(종합)",https://www.yna.co.kr/view/AKR20260519040851001,오규진,2026-05-19T15:39:39+09:00,2026-05-22T18:51:27.277136+09:00
AKR20260519091100007,"북한 내고향 감독 ""경기에만 집중…공동응원 상관할 문제 아냐""",https://www.yna.co.kr/view/AKR20260519091100007,배진남,2026-05-19T12:20:54+09:00,2026-05-22T18:51:27.277178+09:00
AKR20260519088600504,"통일부 ""'평화적 2국가', 정부전체 입장 아냐…통일부 구상""",https://www.yna.co.kr/view/AKR20260519088600504,하채림,2026-05-19T12:04:35+09:00,2026-05-22T18:51:27.277220+09:00
AKR20260519064600009,"北, 러시아 드론 기술에 눈독…러 훈련시설에 대표단 방문",https://www.yna.co.kr/view/AKR20260519064600009,현영복,2026-05-19T10:35:16+09:00,2026-05-22T18:51:27.277263+09:00
AKR20260519057200005,"태진아 ""내 노래처럼 남북이 케이블카로 오가는 날 오길""",https://www.yna.co.kr/view/AKR20260519057200005,이태수,2026-05-19T10:30:53+09:00,2026-05-22T18:51:27.277305+09:00
AKR20260519062300062,[강원 고성소식] 납북 귀환 어부 전시 호응…특별법 관심 이어져,https://www.yna.co.kr/view/AKR20260519062300062,류호준,2026-05-19T10:19:30+09:00,2026-05-22T18:51:27.277346+09:00
AKR20260519040800001,"국힘, 통일백서 '두 국가론'에 ""명백한 위헌…정동영 경질해야""",https://www.yna.co.kr/view/AKR20260519040800001,박수윤,2026-05-19T09:55+09:00,2026-05-22T18:51:27.277390+09:00
AKR20260519014500504,[북한날씨] 함경도 5㎜ 안팎 빗방울…황해남도엔 '가뭄경보',https://www.yna.co.kr/view/AKR20260519014500504,전명훈,2026-05-19T06:50:06+09:00,2026-05-22T18:51:27.277432+09:00
AKR20260518146000504,"작년 MDL 17번 침범한 北, 올해는 잠잠…불모지 작업 마친 듯",https://www.yna.co.kr/view/AKR20260518146000504,김철선,2026-05-19T06:01:02+09:00,2026-05-22T18:51:27.277473+09:00
AKR20260518149700061,"북한 여자축구 내고향팀, 방한 이틀째 수원서 훈련 이어가",https://www.yna.co.kr/view/AKR20260518149700061,김솔,2026-05-18T18:17:14+09:00,2026-05-22T18:51:27.277514+09:00
AKR20260518147300504,"남북 축구팀 공동응원단장 ""관계개선돼야 스포츠 脫정치 가능""",https://www.yna.co.kr/view/AKR20260518147300504,하채림,2026-05-18T17:56:07+09:00,2026-05-22T18:51:27.277558+09:00
AKR20260518144500504,"[북한단신] 평양시, 녹지조성·강하천 정비 등 국토관리사업 진행",https://www.yna.co.kr/view/AKR20260518144500504,권수현,2026-05-18T17:36:28+09:00,2026-05-22T18:51:27.277603+09:00
AKR20260518136900083,"'미중정상 北비핵화 목표 언급' 美발표에…中 ""정책연속성 유지""",https://www.yna.co.kr/view/AKR20260518136900083,정성조,2026-05-18T17:02:26+09:00,2026-05-22T18:51:27.277644+09:00
AKR20260518124200504,"논란의 '평화적 두 국가론', 대북정책 집약 '통일백서'에 등장",https://www.yna.co.kr/view/AKR20260518124200504,전명훈,2026-05-18T16:27:42+09:00,2026-05-22T18:51:27.277673+09:00
AKR20260518116900504,한미정상 통화 이어 외교차관 방미…한반도 현안 논의 주목,https://www.yna.co.kr/view/AKR20260518116900504,김지헌,2026-05-18T15:34:52+09:00,2026-05-22T18:51:27.277702+09:00
AKR20260518040651504,"李정부 첫 통일백서 ""통일지향 평화적 두 국가관계로 전환필요""(종합)",https://www.yna.co.kr/view/AKR20260518040651504,하채림,2026-05-18T14:20:06+09:00,2026-05-22T18:51:27.277732+09:00
AKR20260518073000073,"日매체 ""북한군, 군사분계선 인근서 전술도로 확장""",https://www.yna.co.kr/view/AKR20260518073000073,조성미,2026-05-18T11:29:53+09:00,2026-05-22T18:51:27.277761+09:00
AKR20260518066700007,"지소연 가세 수원FC, 내고향에 설욕할까…AWCL 결승 길목서 격돌",https://www.yna.co.kr/view/AKR20260518066700007,배진남,2026-05-18T11:10:40+09:00,2026-05-22T18:51:27.277789+09:00
AKR20260518067800064,충북도 남북교류협력기금 조례 개정 추진…활용범위 확대,https://www.yna.co.kr/view/AKR20260518067800064,전창해,2026-05-18T11:07:37+09:00,2026-05-22T18:51:27.277818+09:00
AKR20260518040600504,'北변화 유도' 대신 '평화공존'으로…李정부 첫 통일백서,https://www.yna.co.kr/view/AKR20260518040600504,하채림,2026-05-18T11:00:04+09:00,2026-05-22T18:51:27.277846+09:00
AKR20260518004552504,"北김정은, 전군 지휘관 불러 ""전방부대 강화·남부국경 요새화""(종합)",https://www.yna.co.kr/view/AKR20260518004552504,전명훈,2026-05-18T10:55:55+09:00,2026-05-22T18:51:27.277874+09:00
AKR20260518007400504,"[북한날씨] 평양도 더운 날…""낮 최고기온 29도""",https://www.yna.co.kr/view/AKR20260518007400504,전명훈,2026-05-18T06:54:38+09:00,2026-05-22T18:51:27.277903+09:00
AKR20260518004551504,"北김정은, 전군 지휘관들 소집…""남부국경 최전선부대 강화""",https://www.yna.co.kr/view/AKR20260518004551504,전명훈,2026-05-18T06:50:26+09:00,2026-05-22T18:51:27.277932+09:00
AKR20260518004500504,"[속보] 김정은 전군 사·여단장 회의…""남부국경 최전선부대 강화""",https://www.yna.co.kr/view/AKR20260518004500504,전명훈,2026-05-18T06:10:22+09:00,2026-05-22T18:51:27.277968+09:00
AKR20260517063000001,"[속보] 李대통령 ""미중정상, 한반도 문제에 건설적 협의 가져"" 평가",https://www.yna.co.kr/view/AKR20260517063000001,임형섭,2026-05-17T23:15:06+09:00,2026-05-22T18:51:27.277997+09:00
AKR20260517044651061,"'12년 만의 방한' 북한 여자축구 내고향팀, 수원 도착후 첫 훈련(종합)",https://www.yna.co.kr/view/AKR20260517044651061,이영주,2026-05-17T18:26:18+09:00,2026-05-22T18:51:27.278027+09:00
AKR20260517050900504,"[북한단신] 베트남 주석 특사단, 방북 마치고 귀국",https://www.yna.co.kr/view/AKR20260517050900504,전명훈,2026-05-17T18:13:12+09:00,2026-05-22T18:51:27.278055+09:00
AKR20260517049300504,"INSS ""미중 정상회담 계기로 한반도 문제서 中 역할 증대""",https://www.yna.co.kr/view/AKR20260517049300504,전명훈,2026-05-17T17:38:53+09:00,2026-05-22T18:51:27.278083+09:00
AKR20260517039151007,북한 내고향 입국…안 웃고 앞만 보며 1분여만에 공항 빠져나가(종합2보),https://www.yna.co.kr/view/AKR20260517039151007,전명훈,2026-05-17T17:07:55+09:00,2026-05-22T18:51:27.278111+09:00
AKR20260517044600061,북한 내고향 축구단 수원 숙소 도착…곧장 첫 훈련 돌입,https://www.yna.co.kr/view/AKR20260517044600061,이영주,2026-05-17T16:55:14+09:00,2026-05-22T18:51:27.278143+09:00
AKR20260517039100007,北 내고향팀 입국…안 웃고 앞만 보며 1분여만에 공항 빠져나가(종합),https://www.yna.co.kr/view/AKR20260517039100007,안홍석,2026-05-17T15:34:25+09:00,2026-05-22T18:51:27.278171+09:00
AKR20260517024900007,내고향여자축구단 입국…북한 선수단으로 8년 만의 방한,https://www.yna.co.kr/view/AKR20260517024900007,안홍석,2026-05-17T14:21:35+09:00,2026-05-22T18:51:27.278200+09:00
AKR20260517030100504,'내고향' 방남 외면하는 北매체들…두달전 '4강 진출' 보도뿐,https://www.yna.co.kr/view/AKR20260517030100504,전명훈,2026-05-17T13:18:40+09:00,2026-05-22T18:51:27.278233+09:00
AKR20260516053500504,"관광업 공들이는 北, 백두산 관광지구 생태환경보호법 제정",https://www.yna.co.kr/view/AKR20260516053500504,권수현,2026-05-17T07:00:09+09:00,2026-05-22T18:51:27.278262+09:00
AKR20260517005300504,[북한날씨] 대체로 맑다가 밤부터 구름,https://www.yna.co.kr/view/AKR20260517005300504,전명훈,2026-05-17T06:58:05+09:00,2026-05-22T18:51:27.278294+09:00
AKR20260516049800504,"""北축구단 방남, 국제·다자무대 남북협력 가능성 신호""",https://www.yna.co.kr/view/AKR20260516049800504,하채림,2026-05-17T05:57:02+09:00,2026-05-22T18:51:27.278328+09:00
AKR20260516047000504,"[북한단신] 박태성 총리, 탄광·발전소 등 경제 부문 시찰",https://www.yna.co.kr/view/AKR20260516047000504,권수현,2026-05-16T17:18:57+09:00,2026-05-22T18:51:27.278364+09:00
AKR20260516043400083,"주북 中대사 ""북중 경제교류 강화""…중국군 묘소도 참배",https://www.yna.co.kr/view/AKR20260516043400083,정성조,2026-05-16T16:22:59+09:00,2026-05-22T18:51:27.278391+09:00
AKR20260516011500504,[북한날씨] 전 지역 대체로 맑음,https://www.yna.co.kr/view/AKR20260516011500504,권수현,2026-05-16T07:14:02+09:00,2026-05-22T18:51:27.278419+09:00
AKR20260516010700504,"北조용원, 베트남 외교장관과 회동…""친선적 분위기 속 담화""",https://www.yna.co.kr/view/AKR20260516010700504,권수현,2026-05-16T07:07:27+09:00,2026-05-22T18:51:27.278452+09:00
AKR20260515067000071,[미중정상회담] 트럼프-김정은 '번개회동' 결국 불발…물밑 소통 되살릴까,https://www.yna.co.kr/view/AKR20260515067000071,조준형,2026-05-15T22:13:32+09:00,2026-05-22T18:51:27.278480+09:00
AKR20260515173000504,탈북 국군포로 별세…국내 생존자 5명으로 줄어,https://www.yna.co.kr/view/AKR20260515173000504,김철선,2026-05-15T19:23:54+09:00,2026-05-22T18:51:27.278508+09:00
AKR20260522035452003,비아파트 공급 속도전…규제지역에 매입임대 '6만6천호+α'(종합2보),https://www.yna.co.kr/view/AKR20260522035452003,서미숙,2026-05-22T18:39:21+09:00,2026-05-22T18:51:27.278536+09:00
AKR20260522141501054,전남광주 통합특별시 1금고 첫 운영기관 '농협은행'(종합),https://www.yna.co.kr/view/AKR20260522141501054,장덕종,2026-05-22T18:29:21+09:00,2026-05-22T18:51:27.278565+09:00
AKR20260522147300008,"아모텍, 350억원 주주배정 유상증자 결정",https://www.yna.co.kr/view/AKR20260522147300008,증권부,2026-05-22T18:22:56+09:00,2026-05-22T18:51:27.278594+09:00
AKR20260522042652008,"[특징주] 美정부, 양자컴퓨팅 기업 지분투자에 관련株 급등(종합2보)",https://www.yna.co.kr/view/AKR20260522042652008,이민영,2026-05-22T18:22:25+09:00,2026-05-22T18:51:27.278622+09:00
AKR20260522135700011,[연합뉴스 이 시각 헤드라인] - 18:00,https://www.yna.co.kr/view/AKR20260522135700011,한미희,2026-05-22T18:00+09:00,2026-05-22T18:51:27.278707+09:00
AKR20260522141500054,전남광주통합시 1금고 첫 운영기관 '농협은행',https://www.yna.co.kr/view/AKR20260522141500054,장덕종,2026-05-22T17:46:23+09:00,2026-05-22T18:51:27.278736+09:00
AKR20260522140100008,'삼전·닉스 단일종목 레버리지·인버스' 18종 27일 상장,https://www.yna.co.kr/view/AKR20260522140100008,이민영,2026-05-22T17:45:44+09:00,2026-05-22T18:51:27.278764+09:00
AKR20260522141800008,"티이엠씨 ""에이텍솔루션 주식 350억원어치 취득…지분율 31.2%""",https://www.yna.co.kr/view/AKR20260522141800008,증권부,2026-05-22T17:40:55+09:00,2026-05-22T18:51:27.278798+09:00
AKR20260522140200008,"오에스피, 10억원 제3자배정 유상증자",https://www.yna.co.kr/view/AKR20260522140200008,증권부,2026-05-22T17:40:25+09:00,2026-05-22T18:51:27.278826+09:00
AKR20260522140600371,"[동포의 창] 미주한상총연, 8월 라스베이거스서 '미주 한상대회'",https://www.yna.co.kr/view/AKR20260522140600371,강성철,2026-05-22T17:39:19+09:00,2026-05-22T18:51:27.278854+09:00
AKR20260522138300008,"삼성전기, LG엔솔 제치고 시총 5위…급등장에 시총 '대전'",https://www.yna.co.kr/view/AKR20260522138300008,황철환,2026-05-22T17:33:58+09:00,2026-05-22T18:51:27.278882+09:00
AKR20260522137600063,"젠틀몬스터, 블루엘리펀트 파우치 디자인등록 무효심판 승소",https://www.yna.co.kr/view/AKR20260522137600063,김소연,2026-05-22T17:31:43+09:00,2026-05-22T18:51:27.278910+09:00
AKR20260521168851030,"소상공단체, 쿠팡이츠 한시 무료배달 확대에 ""수수료 노예 전락""(종합)",https://www.yna.co.kr/view/AKR20260521168851030,구정모,2026-05-22T17:31:34+09:00,2026-05-22T18:51:27.278938+09:00
AKR20260522128151008,"국고채 금리, 외인 순매수에 동반 하락…3년물 연 3.736%(종합)",https://www.yna.co.kr/view/AKR20260522128151008,고은지,2026-05-22T17:28:32+09:00,2026-05-22T18:51:27.278966+09:00
AKR20260522058452530,공무원노조도 동참…스타벅스 불매 공직사회 전반 확산(종합2보),https://www.yna.co.kr/view/AKR20260522058452530,홍준석,2026-05-22T17:24:56+09:00,2026-05-22T18:51:27.279+09:00
AKR20260522136500052,"BNK경남은행, 창립 56주년 기념식…""고객 가치 최우선""",https://www.yna.co.kr/view/AKR20260522136500052,김선경,2026-05-22T17:21:08+09:00,2026-05-22T18:51:27.279037+09:00
AKR20260522134500017,"릴리 창립 150년…""AI도입·파트너십 확대로 혁신 지속""",https://www.yna.co.kr/view/AKR20260522134500017,신선미,2026-05-22T17:15:41+09:00,2026-05-22T18:51:27.279068+09:00
AKR20260522130000008,"코스피200 DB하이텍 포함되고, GS건설 빠진다…4개종목 맞교체",https://www.yna.co.kr/view/AKR20260522130000008,김유향,2026-05-22T17:08:42+09:00,2026-05-22T18:51:27.279096+09:00
AKR20260522129200002,"인터넷은행 3사, 1분기 중·저신용자 신용대출 목표치 넘겨",https://www.yna.co.kr/view/AKR20260522129200002,이도흔,2026-05-22T17:05:23+09:00,2026-05-22T18:51:27.279124+09:00
AKR20260522127800003,[게시판] 한국부동산경영학회 23일 '부동산 산업 대전환' 학술세미나,https://www.yna.co.kr/view/AKR20260522127800003,오진송,2026-05-22T17:02:02+09:00,2026-05-22T18:51:27.279153+09:00
AKR20260522122700003,"경총 손경식, ILO 사무총장 만나 ""성과급 요구 확산 우려""",https://www.yna.co.kr/view/AKR20260522122700003,홍규빈,2026-05-22T17:00:48+09:00,2026-05-22T18:51:27.279187+09:00
AKR20260522067800030,"농식품부, 식자재마트서 양파 '1+1' 행사…출하 정지·수출 병행",https://www.yna.co.kr/view/AKR20260522067800030,한주홍,2026-05-22T17:00:01+09:00,2026-05-22T18:51:27.279224+09:00
AKR20260522126200008,"다올증권 ""최근 코스피 수급, 대만과 유사…'1만피' 가능""",https://www.yna.co.kr/view/AKR20260522126200008,이민영,2026-05-22T16:46:21+09:00,2026-05-22T18:51:27.279252+09:00
AKR20260522121100003,대우건설도 성수4지구 입찰보증금 완납…'2파전' 재개,https://www.yna.co.kr/view/AKR20260522121100003,임기창,2026-05-22T16:45:16+09:00,2026-05-22T18:51:27.279280+09:00
AKR20260522057951030,"소비자단체협의회 ""스타벅스, 충전액 조건 없이 전액 환불해야""(종합)",https://www.yna.co.kr/view/AKR20260522057951030,김수현,2026-05-22T16:41:52+09:00,2026-05-22T18:51:27.279320+09:00
AKR20260522128100008,국고채 금리 일제히 하락…3년물 연 3.736%,https://www.yna.co.kr/view/AKR20260522128100008,증권부,2026-05-22T16:41:06+09:00,2026-05-22T18:51:27.279351+09:00
AKR20260522121300008,"코스피, 0.41% 오른 7,847로 마감…코스닥 4.99% 급등(종합)",https://www.yna.co.kr/view/AKR20260522121300008,김유아,2026-05-22T16:40:31+09:00,2026-05-22T18:51:27.279381+09:00
AKR20260522064351008,첫날 '완판' 국민성장펀드 기대감? 코스닥 날았다(종합),https://www.yna.co.kr/view/AKR20260522064351008,황철환,2026-05-22T16:22:02+09:00,2026-05-22T18:51:27.279408+09:00
AKR20260522112951002,"환율, 장중 1,520원 근접…당국 ""필요시 단호 조치""(종합)",https://www.yna.co.kr/view/AKR20260522112951002,한지훈,2026-05-22T16:07:53+09:00,2026-05-22T18:51:27.279436+09:00
AKR20260522035051008,"[특징주] 삼전, 숨고르기…'30만전자' 터치후 2% 하락마감(종합)",https://www.yna.co.kr/view/AKR20260522035051008,황철환,2026-05-22T16:05:18+09:00,2026-05-22T18:51:27.279469+09:00
AKR20260522118000002,"외환당국, 환율 구두개입…""필요시 단호 조치""",https://www.yna.co.kr/view/AKR20260522118000002,임지우,2026-05-22T16:04+09:00,2026-05-22T18:51:27.279497+09:00
AKR20260522052900003,"대한상의-한국남부발전, 탄소중립 이행·에너지전환 촉진 '맞손'",https://www.yna.co.kr/view/AKR20260522052900003,조성흠,2026-05-22T16:00:05+09:00,2026-05-22T18:51:27.279526+09:00
AKR20260522114700003,"주택관리사협회 ""관리비 개선 취지 공감…업계 매도 우려""",https://www.yna.co.kr/view/AKR20260522114700003,오진송,2026-05-22T15:51:45+09:00,2026-05-22T18:51:27.279567+09:00
AKR20260522113600003,"[동정] 김이탁 국토1차관, 2기 '안심전세 꼼꼼이' 위촉장 수여",https://www.yna.co.kr/view/AKR20260522113600003,임기창,2026-05-22T15:50:09+09:00,2026-05-22T18:51:27.279613+09:00
AKR20260522112900002,"환율, 엔화 약세·유가 상승에 장중 1,520원 근접…한 달 반만에 최고",https://www.yna.co.kr/view/AKR20260522112900002,김수현,2026-05-22T15:49:03+09:00,2026-05-22T18:51:27.279660+09:00
AKR20260522044051002,국민참여성장펀드 가입 열기…주요 은행·증권사 물량 첫날 매진(종합),https://www.yna.co.kr/view/AKR20260522044051002,임지우,2026-05-22T15:45+09:00,2026-05-22T18:51:27.279701+09:00
AKR20260522111500062,"원주시, '찾아가는 산업단지 구인구직 해피데이' 성료",https://www.yna.co.kr/view/AKR20260522111500062,임보연,2026-05-22T15:43:20+09:00,2026-05-22T18:51:27.279741+09:00
AKR20260522040151008,"[특징주] 알루미늄 관련주, '중동발 생산차질'에 강세…삼아알미늄 16%↑(종합)",https://www.yna.co.kr/view/AKR20260522040151008,김유향,2026-05-22T15:40:30+09:00,2026-05-22T18:51:27.279780+09:00
AKR20260522110600008,"코스피, 0.41% 오른 7,847로 마감…코스닥 4.99% 급등",https://www.yna.co.kr/view/AKR20260522110600008,김유아,2026-05-22T15:39:23+09:00,2026-05-22T18:51:27.279820+09:00
AKR20260522111000002,외국환시세(5월22일·마감가),https://www.yna.co.kr/view/AKR20260522111000002,경제부,2026-05-22T15:35:20+09:00,2026-05-22T18:51:27.279860+09:00
AKR20260522109700002,"[외환] 원/달러 환율 11.1원 오른 1,517.2원(15:30 종가)",https://www.yna.co.kr/view/AKR20260522109700002,경제부,2026-05-22T15:30:45+09:00,2026-05-22T18:51:27.279899+09:00
AKR20260522108300051,"부산은행, 국민참여성장펀드 100억원 판매 첫날 완판",https://www.yna.co.kr/view/AKR20260522108300051,민영규,2026-05-22T15:29:08+09:00,2026-05-22T18:51:27.279940+09:00
AKR20260522108000003,"최태원, 유엔개발계획 총재 면담…개발협력 민간역할 확대 논의",https://www.yna.co.kr/view/AKR20260522108000003,임성호,2026-05-22T15:23:51+09:00,2026-05-22T18:51:27.279979+09:00
AKR20260522106000008,[부고] 박경대(한화투자증권 커뮤니케이션팀장)씨 부친상,https://www.yna.co.kr/view/AKR20260522106000008,이민영,2026-05-22T15:14:40+09:00,2026-05-22T18:51:27.280019+09:00
AKR20260522105800053,"iM뱅크, 김창준한미연구원과 '지역기업 미국 진출 지원' 협약",https://www.yna.co.kr/view/AKR20260522105800053,한무선,2026-05-22T15:13:48+09:00,2026-05-22T18:51:27.280066+09:00
AKR20260522105000008,"지구홀딩스 ""탠덤스튜디오 주식 16억원어치 취득…지분율 5%""",https://www.yna.co.kr/view/AKR20260522105000008,증권부,2026-05-22T15:12:29+09:00,2026-05-22T18:51:27.280106+09:00
AKR20260522104600008,'스페이스X의 힘?' 미래운용 美우주테크 ETF 순자산 1조원 넘어,https://www.yna.co.kr/view/AKR20260522104600008,고은지,2026-05-22T15:07:12+09:00,2026-05-22T18:51:27.280173+09:00
AKR20260522099100062,강원 소비심리지수 큰 폭 반등…경기전망 회복세 기대,https://www.yna.co.kr/view/AKR20260522099100062,이상학,2026-05-22T15:05+09:00,2026-05-22T18:51:27.280213+09:00
AKR20260522063651002,농가소득 5천467만원 '역대 최대'…어가소득은 김값 하락에 감소(종합),https://www.yna.co.kr/view/AKR20260522063651002,한주홍,2026-05-22T15:04:41+09:00,2026-05-22T18:51:27.280266+09:00
AKR20260522101600003,29일부터 토지거래허가 주택거래시 실거주 의무 유예 확대,https://www.yna.co.kr/view/AKR20260522101600003,오진송,2026-05-22T15:01:25+09:00,2026-05-22T18:51:27.280314+09:00
AKR20260522035500030,"중기중앙회, 中企 정보보안 세미나 개최…""해킹 대응 역량 강화""",https://www.yna.co.kr/view/AKR20260522035500030,이상서,2026-05-22T15:00:05+09:00,2026-05-22T18:51:27.280367+09:00
AKR20260522093800002,"재경차관, 유럽부흥개발은행과 면담…AI허브 설립 후속 논의",https://www.yna.co.kr/view/AKR20260522093800002,이대희,2026-05-22T15:00:01+09:00,2026-05-22T18:51:27.280415+09:00
AKR20260522100400051,"부산 북항 충장지하차도 시설물, 부산시 이관 완료",https://www.yna.co.kr/view/AKR20260522100400051,김상현,2026-05-22T14:55:48+09:00,2026-05-22T18:51:27.280489+09:00
AKR20260522096000030,"[게시판] 한국중소벤처기업유통원, 전환형 인턴·경력직 등 직원 채용",https://www.yna.co.kr/view/AKR20260522096000030,이상서,2026-05-22T14:39:35+09:00,2026-05-22T18:51:27.280548+09:00
AKR20260522097700008,"미래에셋, S&P 글로벌 선정 'DJBIC 월드지수' 14년 연속 편입",https://www.yna.co.kr/view/AKR20260522097700008,황철환,2026-05-22T14:37:05+09:00,2026-05-22T18:51:27.280588+09:00
AKR20260522096900060,"고양시, 개발제한구역 생활비용 보조사업 추진",https://www.yna.co.kr/view/AKR20260522096900060,노승혁,2026-05-22T14:31:41+09:00,2026-05-22T18:51:27.280628+09:00
AKR20260522093300011,[연합뉴스 이 시각 헤드라인] - 14:30,https://www.yna.co.kr/view/AKR20260522093300011,송지영,2026-05-22T14:30+09:00,2026-05-22T18:51:27.280670+09:00
AKR20260522061600371,"[K-VIBE] 이순열의 K-스타트업…엑셀러레이터, 지역 제조기업 성장을 열다",https://www.yna.co.kr/view/AKR20260522061600371,이세영,2026-05-22T14:00:02+09:00,2026-05-22T18:51:27.280762+09:00
AKR20260522065900008,"""주주대표 소송 활성화로 자본시장 개혁 실효성 높여야""",https://www.yna.co.kr/view/AKR20260522065900008,이민영,2026-05-22T14:00:02+09:00,2026-05-22T18:51:27.280807+09:00
AKR20260522058451530,공무원노조도 스타벅스 불매 동참…기프티콘 등 사용 자제령(종합),https://www.yna.co.kr/view/AKR20260522058451530,홍준석,2026-05-22T13:57:07+09:00,2026-05-22T18:51:27.280846+09:00
AKR20260521157851530,"경사노위 AI 노사상생위 출범…""초과이윤 재분배 논의는 아직""(종합)",https://www.yna.co.kr/view/AKR20260521157851530,옥성구,2026-05-22T13:55:41+09:00,2026-05-22T18:51:27.280885+09:00
AKR20260522080500009,전쟁이 연 위안화 국제화 '황금의 창'…석유 결제 비중 확대,https://www.yna.co.kr/view/AKR20260522080500009,정주호,2026-05-22T13:48:53+09:00,2026-05-22T18:51:27.280925+09:00
AKR20260522070400002,"금감원, 자산운용사 준법감시인 소집…""ETF 운용 내부통제 구축""",https://www.yna.co.kr/view/AKR20260522070400002,강수련,2026-05-22T13:30+09:00,2026-05-22T18:51:27.280970+09:00
AKR20260522076000002,"[게시판] 케이뱅크, 종묘 돌담길서 임직원 플로깅",https://www.yna.co.kr/view/AKR20260522076000002,이도흔,2026-05-22T13:29:06+09:00,2026-05-22T18:51:27.281018+09:00
AKR20260522074900002,"[게시판] 토스뱅크, 상담 지식관리 시스템 '헬프닥스' 도입",https://www.yna.co.kr/view/AKR20260522074900002,이도흔,2026-05-22T13:28:46+09:00,2026-05-22T18:51:27.281058+09:00
AKR20260522074600002,[게시판] 아시아 남성 골프대회 '하나은행 인비테이셔널' 티켓 사전판매,https://www.yna.co.kr/view/AKR20260522074600002,이도흔,2026-05-22T13:28:33+09:00,2026-05-22T18:51:27.281097+09:00
AKR20260522081600008,"손오공, 60억원 제3자배정 유상증자",https://www.yna.co.kr/view/AKR20260522081600008,증권부,2026-05-22T13:23:22+09:00,2026-05-22T18:51:27.281137+09:00
AKR20260522081800063,서산 석유화학 근로자 1천600명에게 최대 80만원…버팀이음 확대,https://www.yna.co.kr/view/AKR20260522081800063,정윤덕,2026-05-22T13:23:21+09:00,2026-05-22T18:51:27.281175+09:00
AKR20260522076200008,"코스콤, 핀테크 기업 핑거와 '금융투자업권 AX사업' MOU 체결",https://www.yna.co.kr/view/AKR20260522076200008,김유향,2026-05-22T12:17:28+09:00,2026-05-22T18:51:27.281213+09:00
AKR20260521123400030,"소비자원 ""웨딩박람회 예물 계약, 14일 내 청약철회 보장""",https://www.yna.co.kr/view/AKR20260521123400030,정수연,2026-05-22T12:00:04+09:00,2026-05-22T18:51:27.281276+09:00
AKR20260522063600002,농가소득 5천467만원 '역대 최대'…어가소득은 김값 하락에 7%↓,https://www.yna.co.kr/view/AKR20260522063600002,송정은,2026-05-22T12:00:02+09:00,2026-05-22T18:51:27.281315+09:00
AKR20260522064000002,1분기 신규 주담대 평균 2.3억…거래 증가에 1천653만원↑,https://www.yna.co.kr/view/AKR20260522064000002,한지훈,2026-05-22T12:00:01+09:00,2026-05-22T18:51:27.281356+09:00
AKR20260522056100505,[소셜＋] '스타벅스' 안 간다는데…중고앱 검색량 76% 폭증 이유는,https://www.yna.co.kr/view/AKR20260522056100505,정윤주,2026-05-22T12:00:01+09:00,2026-05-22T18:51:27.281397+09:00
AKR20260522064300008,코스피 쉬어가자 코스닥 '껑충'…외인 순매수 행진 속 순환매?,https://www.yna.co.kr/view/AKR20260522064300008,황철환,2026-05-22T11:50:26+09:00,2026-05-22T18:51:27.281435+09:00
AKR20260522073000008,국고채 금리 일제히 하락…3년물 장중 연 3.745%,https://www.yna.co.kr/view/AKR20260522073000008,증권부,2026-05-22T11:44:59+09:00,2026-05-22T18:51:27.281472+09:00
AKR20260522069000008,"'강보합' 코스피, 7,800선서 숨고르기…코스닥 4% 후반대 급등",https://www.yna.co.kr/view/AKR20260522069000008,김유아,2026-05-22T11:44:11+09:00,2026-05-22T18:51:27.281509+09:00
AKR20260522071800003,"LH, 호주달러 공모 채권 최초 발행…5천375억원 규모",https://www.yna.co.kr/view/AKR20260522071800003,오진송,2026-05-22T11:36:20+09:00,2026-05-22T18:51:27.281560+09:00
AKR20260522064100002,"우리은행, 고액자산가 특화 지점 '투 체어스 W 잠실점' 개점",https://www.yna.co.kr/view/AKR20260522064100002,임지우,2026-05-22T11:26:11+09:00,2026-05-22T18:51:27.281594+09:00
AKR20260522067400002,"박홍근, 고유가 지원금 지급 점검…""서민부담 완화 예산에 반영""",https://www.yna.co.kr/view/AKR20260522067400002,김수현,2026-05-22T11:25:53+09:00,2026-05-22T18:51:27.281628+09:00
AKR20260522035451003,비아파트 공급 공백 메운다…규제지역에 매입임대 6만6천호(종합),https://www.yna.co.kr/view/AKR20260522035451003,오진송,2026-05-22T11:19:40+09:00,2026-05-22T18:51:27.281662+09:00
AKR20260522066800055,'농어촌 기본소득' 장수·순창군 4개월 만에 인구 1천541명 ↑,https://www.yna.co.kr/view/AKR20260522066800055,백도인,2026-05-22T11:15:16+09:00,2026-05-22T18:51:27.281695+09:00
AKR20260522060100057,"울주군, 개별주택가격 특성조사…9월 말 최종가격 공시",https://www.yna.co.kr/view/AKR20260522060100057,장영은,2026-05-22T11:12:34+09:00,2026-05-22T18:51:27.281730+09:00
AKR20260522063800002,"캠코, 새도약기금 대부업권 간담회…""개선방안 검토""",https://www.yna.co.kr/view/AKR20260522063800002,김지연,2026-05-22T11:09:15+09:00,2026-05-22T18:51:27.281776+09:00
AKR20260522053700530,2차 고유가 지원금 신청률 60% 돌파…1·2차 누적 4.4조원 지급,https://www.yna.co.kr/view/AKR20260522053700530,차민지,2026-05-22T11:00+09:00,2026-05-22T18:51:27.281836+09:00
AKR20260522062700003,"현대건설 ""압구정5구역에 주민 개인생활 보호 환경 구현""",https://www.yna.co.kr/view/AKR20260522062700003,임기창,2026-05-22T10:59:21+09:00,2026-05-22T18:51:27.281875+09:00
AKR20260522051000003,"현대건설·현대카드, 압구정 3구역에 '문화 디스트릭트' 조성",https://www.yna.co.kr/view/AKR20260522051000003,서미숙,2026-05-22T10:54:53+09:00,2026-05-22T18:51:27.281911+09:00
AKR20260522059100057,"울산교육청·울산대, 직업계고 학생 취업준비 맞춤형 교육",https://www.yna.co.kr/view/AKR20260522059100057,김용태,2026-05-22T10:54:26+09:00,2026-05-22T18:51:27.281957+09:00
AKR20260522062500055,"완주군, 봉동에 산업·문화·숙박 복합거점 만든다",https://www.yna.co.kr/view/AKR20260522062500055,최영수,2026-05-22T10:54:16+09:00,2026-05-22T18:51:27.281994+09:00
AKR20260522058400530,공무원노조도 스타벅스 불매 동참…기프티콘 등 사용 자제령,https://www.yna.co.kr/view/AKR20260522058400530,홍준석,2026-05-22T10:53:30+09:00,2026-05-22T18:51:27.282028+09:00
AKR20260522057900030,"소비자단체협의회 ""스타벅스, 충전액 조건 없이 전액 환불해야""",https://www.yna.co.kr/view/AKR20260522057900030,정수연,2026-05-22T10:50:07+09:00,2026-05-22T18:51:27.282061+09:00
AKR20260522061100017,"한미사이언스, 아데시 화장품 공식몰 열어…""고객과 접점 확대""",https://www.yna.co.kr/view/AKR20260522061100017,신선미,2026-05-22T10:49:59+09:00,2026-05-22T18:51:27.282098+09:00
AKR20260522057100030,"쿠팡이츠, '무료 배달비 업주 전가' 반박…""업주 매출 98% 증가""",https://www.yna.co.kr/view/AKR20260522057100030,홍국기,2026-05-22T10:44:02+09:00,2026-05-22T18:51:27.282144+09:00
AKR20260522060200056,"스티로폼 가격 급등에…제주도, 어획물 포장용 박스값 지원",https://www.yna.co.kr/view/AKR20260522060200056,전지혜,2026-05-22T10:43:44+09:00,2026-05-22T18:51:27.282180+09:00
AKR20260522052500011,[연합뉴스 이 시각 헤드라인] - 10:30,https://www.yna.co.kr/view/AKR20260522052500011,송지영,2026-05-22T10:30:01+09:00,2026-05-22T18:51:27.282217+09:00
AKR20260522042651008,"[특징주] 美정부, 양자컴퓨팅 기업 지분투자에 관련株 급등(종합)",https://www.yna.co.kr/view/AKR20260522042651008,이민영,2026-05-22T10:30+09:00,2026-05-22T18:51:27.282252+09:00
AKR20260522051300064,충북 5월 소비자심리 112.2…전월보다 10.7p 상승,https://www.yna.co.kr/view/AKR20260522051300064,김형우,2026-05-22T10:21:35+09:00,2026-05-22T18:51:27.282298+09:00
AKR20260522050600371,[동포의 창] 호주 태즈메이니아서 한인 경제인·차세대 교류의 장,https://www.yna.co.kr/view/AKR20260522050600371,성도현,2026-05-22T10:15:15+09:00,2026-05-22T18:51:27.282348+09:00
AKR20260522044000002,10분 만에 완판·오픈런 행렬…국민참여성장펀드 첫날 가입 열기,https://www.yna.co.kr/view/AKR20260522044000002,임지우,2026-05-22T10:10:17+09:00,2026-05-22T18:51:27.282382+09:00
AKR20260522030600030,"식품업계, 태국 '타이펙스 아누가' 참가…동남아 유통망 확장",https://www.yna.co.kr/view/AKR20260522030600030,한주홍,2026-05-22T10:09:18+09:00,2026-05-22T18:51:27.282422+09:00
AKR20260522044800002,"나이스평가정보, 베트남 신용정보시장 진출…K-금융 해외 확장",https://www.yna.co.kr/view/AKR20260522044800002,강류나,2026-05-22T10:01:58+09:00,2026-05-22T18:51:27.282456+09:00
AKR20260522046300004,17개 지방개발공사 협의회 창립…보상·이주 대책 머리 맞댄다,https://www.yna.co.kr/view/AKR20260522046300004,황재하,2026-05-22T10:01:28+09:00,2026-05-22T18:51:27.282488+09:00
AKR20260522042500002,가정의달 선물 주의…유해 어린이용품·직구 식품 10만점 적발,https://www.yna.co.kr/view/AKR20260522042500002,안채원,2026-05-22T10:01:06+09:00,2026-05-22T18:51:27.282520+09:00
AKR20260522047300051,"해양진흥공사, 롯데글로비스와 베트남에 물류센터 준공",https://www.yna.co.kr/view/AKR20260522047300051,김상현,2026-05-22T10:01:01+09:00,2026-05-22T18:51:27.282552+09:00
AKR20260522042000061,"""단톡방서 가격 정하고 저가 매물 신고""…아파트 주민들 송치",https://www.yna.co.kr/view/AKR20260522042000061,최찬흥,2026-05-22T10:00:27+09:00,2026-05-22T18:51:27.282584+09:00
AKR20260522035400003,전월세 불안 대응…규제지역에 매입임대 6만6천호 공급,https://www.yna.co.kr/view/AKR20260522035400003,오진송,2026-05-22T10:00:02+09:00,2026-05-22T18:51:27.282628+09:00
AKR20260522036000002,"이억원, 국민참여성장펀드 가입…""매력적 투자이자 상생발판""",https://www.yna.co.kr/view/AKR20260522036000002,배영경,2026-05-22T10:00:02+09:00,2026-05-22T18:51:27.282662+09:00
AKR20260522039700004,"상도15·노량진1·장위15구역, 각 3천세대 이상 대단지로 탈바꿈",https://www.yna.co.kr/view/AKR20260522039700004,김동규,2026-05-22T10:00:01+09:00,2026-05-22T18:51:27.282696+09:00
AKR20260522045900008,코스닥 급등에 이틀 연속 매수 사이드카…올해 8번째,https://www.yna.co.kr/view/AKR20260522045900008,김유아,2026-05-22T09:59:40+09:00,2026-05-22T18:51:27.282729+09:00
AKR20260522043900030,"bhc, 인도네시아 자카르타에 2호점 개점…해외 매장 46개로 확대",https://www.yna.co.kr/view/AKR20260522043900030,홍국기,2026-05-22T09:59:40+09:00,2026-05-22T18:51:27.282764+09:00
AKR20260522045700003,"전문건설공제조합, 공제사업 누적매출 8천억원 달성",https://www.yna.co.kr/view/AKR20260522045700003,임기창,2026-05-22T09:59:04+09:00,2026-05-22T18:51:27.282796+09:00
AKR20260522042600008,"[특징주] 美정부, 양자컴퓨팅 기업 지분투자에 관련株 급등",https://www.yna.co.kr/view/AKR20260522042600008,이민영,2026-05-22T09:56:05+09:00,2026-05-22T18:51:27.282848+09:00
AKR20260522037200017,K뷰티 질주…화장품 무역흑자 첫 100억달러 넘었다,https://www.yna.co.kr/view/AKR20260522037200017,신선미,2026-05-22T09:54:25+09:00,2026-05-22T18:51:27.282886+09:00
AKR20260522040100008,"[특징주] 알루미늄 관련주, '중동발 생산차질'에 장초반 급등",https://www.yna.co.kr/view/AKR20260522040100008,김유향,2026-05-22T09:52:57+09:00,2026-05-22T18:51:27.282922+09:00
AKR20260522043300004,"강북구, 여름 청년 아르바이트 72명 모집…하루 일당 5만원대",https://www.yna.co.kr/view/AKR20260522043300004,정준영,2026-05-22T09:50:51+09:00,2026-05-22T18:51:27.282954+09:00
AKR20260522042800060,'재활병원이냐 종합병원이냐'…갈 길 먼 동두천 제생병원 개원,https://www.yna.co.kr/view/AKR20260522042800060,우영식,2026-05-22T09:50:41+09:00,2026-05-22T18:51:27.282986+09:00
AKR20260522041800017,"삼성폰, 미국 소비자 만족도 정상…애플 눌렀다",https://www.yna.co.kr/view/AKR20260522041800017,박형빈,2026-05-22T09:50:13+09:00,2026-05-22T18:51:27.283019+09:00
AKR20260522038100002,1∼4월 햇살론 일반·특례보증 3조656억원 지원…33.7%↑,https://www.yna.co.kr/view/AKR20260522038100002,김지연,2026-05-22T09:49:33+09:00,2026-05-22T18:51:27.283060+09:00
AKR20260522138500003,"㈜LG, 3천500억원 규모 자사주 전량 소각",https://www.yna.co.kr/view/AKR20260522138500003,김민지,2026-05-22T18:47:12+09:00,2026-05-22T18:51:27.283095+09:00
AKR20260522149300017,"삼성바이오 노사정 대화 재개…노조 ""교섭방식 논의""",https://www.yna.co.kr/view/AKR20260522149300017,박상현,2026-05-22T18:30:57+09:00,2026-05-22T18:51:27.283159+09:00
AKR20260522140300003,"롯데에너지머티, 자회사 롯데에코월 매각…1천708억원 규모",https://www.yna.co.kr/view/AKR20260522140300003,강태우,2026-05-22T17:48:44+09:00,2026-05-22T18:51:27.283222+09:00
AKR20260522140800053,"DGT모빌리티, 브이성형외과·브이라이프와 의료복지 제휴 협약",https://www.yna.co.kr/view/AKR20260522140800053,김용민,2026-05-22T17:47:14+09:00,2026-05-22T18:51:27.283253+09:00
AKR20260522139600003,"""5년차 6억인데 20년차가 2억""…깊어지는 삼성전자 노노갈등",https://www.yna.co.kr/view/AKR20260522139600003,조성흠,2026-05-22T17:46:35+09:00,2026-05-22T18:51:27.283285+09:00
AKR20260522139500017,"[동정] 구혁채 과기정통부 1차관, 주한 싱가포르 대사 면담",https://www.yna.co.kr/view/AKR20260522139500017,조승한,2026-05-22T17:36:58+09:00,2026-05-22T18:51:27.283381+09:00
AKR20260522119000051,"법원 ""전화 상대방 동의없는 '자녀용 앱' 통화녹음은 위법""",https://www.yna.co.kr/view/AKR20260522119000051,김재홍,2026-05-22T17:32:33+09:00,2026-05-22T18:51:27.283413+09:00
AKR20260522133200062,"강원도, 농가소득 5천671만원…5년 연속 전국 3위",https://www.yna.co.kr/view/AKR20260522133200062,이재현,2026-05-22T17:28:20+09:00,2026-05-22T18:51:27.283485+09:00
AKR20260522129100003,"이재용, 대만서 미디어텍 최고경영자와 반도체 협력 논의",https://www.yna.co.kr/view/AKR20260522129100003,임성호,2026-05-22T17:04:23+09:00,2026-05-22T18:51:27.283609+09:00
AKR20260522127600017,[AI픽] 코딩 없이 AI 에이전트 개발…GS네오텍 '미소' 공개,https://www.yna.co.kr/view/AKR20260522127600017,권하영,2026-05-22T17:03:46+09:00,2026-05-22T18:51:27.283643+09:00
AKR20260522129000003,[인사] 산업통상부,https://www.yna.co.kr/view/AKR20260522129000003,장보인,2026-05-22T17:02:28+09:00,2026-05-22T18:51:27.283676+09:00
AKR20260522129900004,"경찰, '5·18은 北지령' AI가짜기사 작성자 추적…""무관용 수사""",https://www.yna.co.kr/view/AKR20260522129900004,이동환,2026-05-22T16:52:27+09:00,2026-05-22T18:51:27.283737+09:00
AKR20260522109400063,'4족 보행로봇' 활용 어디까지…수도시설 현장 관리에도 투입,https://www.yna.co.kr/view/AKR20260522109400063,김소연,2026-05-22T16:40:09+09:00,2026-05-22T18:51:27.283800+09:00
AKR20260522120100063,"'AI 드론', 범인 붙잡는데도 쓰이네…세종서 사기 수배자 검거",https://www.yna.co.kr/view/AKR20260522120100063,김소연,2026-05-22T16:36:11+09:00,2026-05-22T18:51:27.283831+09:00
AKR20260522122800017,"넷마블, '솔: 인챈트' 6월 18일 출시 확정",https://www.yna.co.kr/view/AKR20260522122800017,김주환,2026-05-22T16:20:29+09:00,2026-05-22T18:51:27.283862+09:00
AKR20260522119900017,"방미통위, 홈쇼핑 규제완화 추진…""진흥업무 이관후 처음""",https://www.yna.co.kr/view/AKR20260522119900017,유현민,2026-05-22T16:15:33+09:00,2026-05-22T18:51:27.283893+09:00
AKR20260522118200505,[부고] 이상우(누리플랜그룹 회장)씨 장모상,https://www.yna.co.kr/view/AKR20260522118200505,김종환,2026-05-22T16:02:38+09:00,2026-05-22T18:51:27.283924+09:00
AKR20260522106600062,"춘천 바이오테크 혁신포럼, 기업혁신파크 AI 정밀의료 거점 모색",https://www.yna.co.kr/view/AKR20260522106600062,이상학,2026-05-22T15:35:27+09:00,2026-05-22T18:51:27.284050+09:00
AKR20260522107300530,"소방청장 ""AI 기술로 현장 대응력 강화…소방대원 안전도 확보""",https://www.yna.co.kr/view/AKR20260522107300530,차민지,2026-05-22T15:29:30+09:00,2026-05-22T18:51:27.284082+09:00
AKR20260522070700051,"[게시판] 부산 신선대터미널·항운노조, 교육용 항만장비 기증",https://www.yna.co.kr/view/AKR20260522070700051,김상현,2026-05-22T15:21:07+09:00,2026-05-22T18:51:27.284143+09:00
AKR20260522100200062,"춘천지역먹거리통합지원센터, 먹거리·복지 협력 확대 추진",https://www.yna.co.kr/view/AKR20260522100200062,이상학,2026-05-22T15:07:46+09:00,2026-05-22T18:51:27.284236+09:00
AKR20260522101500054,"광주변호사회 ""스타벅스 경영진 석고대죄하라""",https://www.yna.co.kr/view/AKR20260522101500054,정회성,2026-05-22T15:03:25+09:00,2026-05-22T18:51:27.284298+09:00
AKR20260522045051003,삼성전자 잠정합의안 투표 시작…결집한 DX는 부결 운동(종합),https://www.yna.co.kr/view/AKR20260522045051003,김민지,2026-05-22T14:58:24+09:00,2026-05-22T18:51:27.284360+09:00
AKR20260522100300060,"의정부시, '경제자유구역' 내년 하반기 산업부 심의 목표",https://www.yna.co.kr/view/AKR20260522100300060,김도윤,2026-05-22T14:57:24+09:00,2026-05-22T18:51:27.284392+09:00
AKR20260522096500004,허위공시로 주가조작 혐의 기재부 차관보 출신 기업인 구속 기로,https://www.yna.co.kr/view/AKR20260522096500004,김채린,2026-05-22T14:42:24+09:00,2026-05-22T18:51:27.284460+09:00
AKR20260522078451004,"삼성전자 주주단체 ""노사 특별성과급 합의는 주총 의결사항""(종합)",https://www.yna.co.kr/view/AKR20260522078451004,이의진,2026-05-22T14:30:17+09:00,2026-05-22T18:51:27.284521+09:00
AKR20260522090100063,"세종시, 건축물 경관심의 AI 자가점검 시스템 전국 첫 도입",https://www.yna.co.kr/view/AKR20260522090100063,양영석,2026-05-22T14:22:07+09:00,2026-05-22T18:51:27.284553+09:00
AKR20260522091700057,"새울원자력 임직원, 울산 장애아동과 영화관람·공원 산책",https://www.yna.co.kr/view/AKR20260522091700057,장영은,2026-05-22T14:13:38+09:00,2026-05-22T18:51:27.284584+09:00
AKR20260522089900017,"카카오페이, 신규 가맹점에 결제 수수료 면제 혜택",https://www.yna.co.kr/view/AKR20260522089900017,오지은,2026-05-22T14:12:38+09:00,2026-05-22T18:51:27.284617+09:00
AKR20260522091900055,"""농업용 드론 인증 한 번에"" 농진원, 통합 검정 서비스 강화",https://www.yna.co.kr/view/AKR20260522091900055,김진방,2026-05-22T14:11:29+09:00,2026-05-22T18:51:27.284649+09:00
AKR20260522090900017,[인사] 과학기술정보통신부,https://www.yna.co.kr/view/AKR20260522090900017,조승한,2026-05-22T14:11:24+09:00,2026-05-22T18:51:27.284680+09:00
AKR20260522092000065,내년 출범 부천과학고 입학전형 공고…학년 정원 100명,https://www.yna.co.kr/view/AKR20260522092000065,강종구,2026-05-22T14:06:34+09:00,2026-05-22T18:51:27.284711+09:00
AKR20260522078400004,"삼성전자 주주단체 ""특별성과급, 주총 승인 안받으면 무효""",https://www.yna.co.kr/view/AKR20260522078400004,이의진,2026-05-22T13:35+09:00,2026-05-22T18:51:27.284837+09:00
AKR20260522075800017,"[과학스냅] 창의재단, AI 동화·동요 창작대회 개최",https://www.yna.co.kr/view/AKR20260522075800017,조승한,2026-05-22T13:19:44+09:00,2026-05-22T18:51:27.284899+09:00
AKR20260522067000017,원자력안전재단 이사장에 김성진 변호사,https://www.yna.co.kr/view/AKR20260522067000017,조승한,2026-05-22T11:19:27+09:00,2026-05-22T18:51:27.285086+09:00
AKR20260522064400065,"법원, 삼바노조에 ""핵심공정 중단 지시, 회당 2천만원 지급해야""",https://www.yna.co.kr/view/AKR20260522064400065,최은지,2026-05-22T11:03:37+09:00,2026-05-22T18:51:27.285150+09:00
AKR20260522063000017,한컴·LG 손잡았다…챗엑사원에 AI 에이전트 공급,https://www.yna.co.kr/view/AKR20260522063000017,오지은,2026-05-22T11:00:01+09:00,2026-05-22T18:51:27.285181+09:00
AKR20260522038000003,"산업부, 내부 업무에 AI 본격 도입…AI 혁신 자문단 출범",https://www.yna.co.kr/view/AKR20260522038000003,신창용,2026-05-22T11:00:01+09:00,2026-05-22T18:51:27.285212+09:00
AKR20260522062400003,"한국앤컴퍼니그룹, 창립 85주년 맞아 프로액티브 콘서트 개최",https://www.yna.co.kr/view/AKR20260522062400003,김보경,2026-05-22T10:58:39+09:00,2026-05-22T18:51:27.285244+09:00
AKR20260522056300003,"기아, 글로벌 정비기술 경진대회 '스킬 월드컵' 개최",https://www.yna.co.kr/view/AKR20260522056300003,홍규빈,2026-05-22T10:57:48+09:00,2026-05-22T18:51:27.285279+09:00
AKR20260522054200530,"개보위, 프랑스 국가정보자유위와 청소년 AI 인식 포스터 제작",https://www.yna.co.kr/view/AKR20260522054200530,차민지,2026-05-22T10:57:34+09:00,2026-05-22T18:51:27.285313+09:00
AKR20260522054100003,캐딜락 전기 SUV '에스컬레이드 IQL' 출시…전장·실내공간 확대,https://www.yna.co.kr/view/AKR20260522054100003,홍규빈,2026-05-22T10:57:17+09:00,2026-05-22T18:51:27.285348+09:00
AKR20260522053200003,"에코프로이노베이션, '전기차 20만대' 분량 수산화리튬 공급계약",https://www.yna.co.kr/view/AKR20260522053200003,임성호,2026-05-22T10:56:23+09:00,2026-05-22T18:51:27.285389+09:00
AKR20260522058300030,"현대홈쇼핑, 스타트업 5개사 선발…AI 피팅·업무 효율화 협업",https://www.yna.co.kr/view/AKR20260522058300030,조민정,2026-05-22T10:55:14+09:00,2026-05-22T18:51:27.285423+09:00
AKR20260522062200017,"넷마블, 시각장애인 편지에 화답…접근성 기능 강화",https://www.yna.co.kr/view/AKR20260522062200017,김주환,2026-05-22T10:54:59+09:00,2026-05-22T18:51:27.285458+09:00
AKR20260522062000017,"[바이오스냅] 삼진제약, '로라제팜 주사제' 생산·공급",https://www.yna.co.kr/view/AKR20260522062000017,박상현,2026-05-22T10:53:02+09:00,2026-05-22T18:51:27.285556+09:00
AKR20260522048300003,"HD건설기계, 우크라 지방정부와 전쟁후 재건 중장기 협력",https://www.yna.co.kr/view/AKR20260522048300003,김보경,2026-05-22T10:52:10+09:00,2026-05-22T18:51:27.285588+09:00
AKR20260522061500056,제주해녀 '바깥물질' 조명…해녀박물관서 한일 공동기획전,https://www.yna.co.kr/view/AKR20260522061500056,전지혜,2026-05-22T10:48:52+09:00,2026-05-22T18:51:27.285680+09:00
AKR20260522058700062,[삼척소식] 도계읍 일원 지중화 사업 추진…한전과 '맞손',https://www.yna.co.kr/view/AKR20260522058700062,류호준,2026-05-22T10:44:07+09:00,2026-05-22T18:51:27.285711+09:00
AKR20260522056400063,"패혈증 악화시키는 장내 미생물 찾았다…생명연, 원인 규명",https://www.yna.co.kr/view/AKR20260522056400063,김준호,2026-05-22T10:43:50+09:00,2026-05-22T18:51:27.285774+09:00
AKR20260522057000060,"국립수목원, 영국 에든버러 왕립식물원과 연구 협력",https://www.yna.co.kr/view/AKR20260522057000060,김도윤,2026-05-22T10:38:16+09:00,2026-05-22T18:51:27.285836+09:00
AKR20260522045000003,삼성전자 잠정합의안 가결될까…급증 DX노조원 반대표 던질 듯,https://www.yna.co.kr/view/AKR20260522045000003,김민지,2026-05-22T10:37:13+09:00,2026-05-22T18:51:27.285867+09:00
AKR20260522056800056,"제주도, 전세버스업 1천858명에게 지원금…1인당 최고 100만원",https://www.yna.co.kr/view/AKR20260522056800056,고성식,2026-05-22T10:35:47+09:00,2026-05-22T18:51:27.285899+09:00
AKR20260522053400017,내비 찍고 떠난 사찰 여행…불국사 가장 인기,https://www.yna.co.kr/view/AKR20260522053400017,오지은,2026-05-22T10:25:34+09:00,2026-05-22T18:51:27.285963+09:00
AKR20260522054000062,"강원농협, '농심천심국민참여단' 발대식 개최",https://www.yna.co.kr/view/AKR20260522054000062,양지웅,2026-05-22T10:24:15+09:00,2026-05-22T18:51:27.285996+09:00
AKR20260522051400054,"전남도, 네덜란드 수소박람회 참가…세계 시장 공략",https://www.yna.co.kr/view/AKR20260522051400054,형민우,2026-05-22T10:22:09+09:00,2026-05-22T18:51:27.286028+09:00
AKR20260522048000062,"동해해경청, 광역 해상교통관제 시범 운영…관제구역 3배 확대",https://www.yna.co.kr/view/AKR20260522048000062,류호준,2026-05-22T10:21:40+09:00,2026-05-22T18:51:27.286062+09:00
AKR20260522047800054,광주신세계 연매출 8천억원…롯데광주점의 3배가량,https://www.yna.co.kr/view/AKR20260522047800054,전승현,2026-05-22T10:19:56+09:00,2026-05-22T18:51:27.286094+09:00
AKR20260522049600017,"방사선 종사자 건강검진, 매년 1회로 간소화",https://www.yna.co.kr/view/AKR20260522049600017,조승한,2026-05-22T10:19:21+09:00,2026-05-22T18:51:27.286127+09:00
AKR20260522050500003,"정부, 한국공항공사 사장 선발작업 착수",https://www.yna.co.kr/view/AKR20260522050500003,홍규빈,2026-05-22T10:16:33+09:00,2026-05-22T18:51:27.286166+09:00
AKR20260522049700003,"LS일렉 구자균 ""전력 슈퍼사이클 기회…압도적 품질로 초격차""",https://www.yna.co.kr/view/AKR20260522049700003,강태우,2026-05-22T10:14:53+09:00,2026-05-22T18:51:27.286198+09:00
AKR20260522044400053,"국내 연구진, 뇌 MRI 한 장으로 종양 유전자 변이 예측 AI 개발",https://www.yna.co.kr/view/AKR20260522044400053,손대성,2026-05-22T10:08:45+09:00,2026-05-22T18:51:27.286260+09:00
AKR20260522047500004,서울대공원 장미원축제 30일 개막…'이상한 나라의 앨리스' 테마,https://www.yna.co.kr/view/AKR20260522047500004,김동규,2026-05-22T10:06:59+09:00,2026-05-22T18:51:27.286322+09:00
AKR20260522045200061,"안양시, 산림지역 'K-드론배송' 재개…'물품 배달+쓰레기 수거'",https://www.yna.co.kr/view/AKR20260522045200061,최종호,2026-05-22T10:06:52+09:00,2026-05-22T18:51:27.286355+09:00
AKR20260522028100030,"중기부, 中企 지원사업 효율화 추진…성과 중심 개편",https://www.yna.co.kr/view/AKR20260522028100030,구정모,2026-05-22T10:00+09:00,2026-05-22T18:51:27.286544+09:00
AKR20260522040500054,"진도국민해양안전관, '어린이안전교육 전문기관' 지정",https://www.yna.co.kr/view/AKR20260522040500054,조근영,2026-05-22T09:57:29+09:00,2026-05-22T18:51:27.286897+09:00
AKR20260522045300056,올해 제주 항만하역요금 3% 인상…7월부터 적용,https://www.yna.co.kr/view/AKR20260522045300056,전지혜,2026-05-22T09:56:38+09:00,2026-05-22T18:51:27.286975+09:00
AKR20260522038600017,"K-바이오, 미국임상종양학회서 임상 결과 공개한다",https://www.yna.co.kr/view/AKR20260522038600017,박상현,2026-05-22T09:48+09:00,2026-05-22T18:51:27.287117+09:00
AKR20260522039100030,"[게시판] 기계설비협회, 삼성전자와 복지몰 혜택 업무협약",https://www.yna.co.kr/view/AKR20260522039100030,구정모,2026-05-22T09:47:37+09:00,2026-05-22T18:51:27.287188+09:00
AKR20260522033100030,"한샘, 그린리모델링 수요 공략…신청 대행부터 시공까지 지원",https://www.yna.co.kr/view/AKR20260522033100030,구정모,2026-05-22T09:46:35+09:00,2026-05-22T18:51:27.287273+09:00
AKR20260522149900797,[영상] 빵빵거리는 차가 없다?…퇴근길 횡단보도의 '작은 기적',https://www.yna.co.kr/view/AKR20260522149900797,조아현,2026-05-22T18:33:20+09:00,2026-05-22T18:51:27.287308+09:00
AKR20260522149600065,인천 간석역 선로에 학생 추정 남성 침입…철도경찰대 조사,https://www.yna.co.kr/view/AKR20260522149600065,최은지,2026-05-22T18:30:05+09:00,2026-05-22T18:51:27.287371+09:00
AKR20260522147400004,'불륜 지라시' 유포한 통신사 간부에 벌금 300만원 선고,https://www.yna.co.kr/view/AKR20260522147400004,김채린,2026-05-22T18:20:31+09:00,2026-05-22T18:51:27.287427+09:00
AKR20260522144400051,"미국 입양인, 부산 경찰 도움으로 50년 만에 동생 상봉",https://www.yna.co.kr/view/AKR20260522144400051,박성제,2026-05-22T18:14:18+09:00,2026-05-22T18:51:27.287512+09:00
AKR20260522118700527,경북 앞바다 풍랑주의보 해제,https://www.yna.co.kr/view/AKR20260522118700527,기상뉴스,2026-05-22T18:14:02+09:00,2026-05-22T18:51:27.287778+09:00
AKR20260522145900527,울산 앞바다·동해남부먼바다 풍랑주의보 해제,https://www.yna.co.kr/view/AKR20260522145900527,기상뉴스,2026-05-22T18:13:26+09:00,2026-05-22T18:51:27.287813+09:00
AKR20260522144100062,"강원소방, 부처님 오신 날 연휴 '특별경계 근무' 돌입",https://www.yna.co.kr/view/AKR20260522144100062,박영서,2026-05-22T17:52:58+09:00,2026-05-22T18:51:27.287901+09:00
AKR20260522142600065,창고 옥상에 쌓인 5t 종이상자 화재…1시간여만에 진화,https://www.yna.co.kr/view/AKR20260522142600065,천정인,2026-05-22T17:45:24+09:00,2026-05-22T18:51:27.288011+09:00
AKR20260522142000505,[부고] 이미경(중앙대병원 진단검사의학과 과장)씨 부친상,https://www.yna.co.kr/view/AKR20260522142000505,김종환,2026-05-22T17:43:55+09:00,2026-05-22T18:51:27.288048+09:00
AKR20260522140500064,청주서 승용차가 신호대기 유치원 버스 추돌…인명피해 없어,https://www.yna.co.kr/view/AKR20260522140500064,이성민,2026-05-22T17:40+09:00,2026-05-22T18:51:27.288100+09:00
AKR20260522138900062,수표 출처 질문에 횡설수설…은행원 촉에 걸린 피싱 수거책,https://www.yna.co.kr/view/AKR20260522138900062,박영서,2026-05-22T17:38:08+09:00,2026-05-22T18:51:27.288151+09:00
AKR20260522138100054,"광주노동청, 임대아파트 석면 해체 불법 작업 조사 검토",https://www.yna.co.kr/view/AKR20260522138100054,정다움,2026-05-22T17:27:39+09:00,2026-05-22T18:51:27.288229+09:00
AKR20260522136200052,멸종위기 대모잠자리 확인…부산 엄궁·대저대교 공사 일부 중단,https://www.yna.co.kr/view/AKR20260522136200052,박영민,2026-05-22T17:20:31+09:00,2026-05-22T18:51:27.288308+09:00
AKR20260522135300371,"[동포의 창] ""입양동포는 한민족공동체 중요 구성원""…지속 지원 요청",https://www.yna.co.kr/view/AKR20260522135300371,강성철,2026-05-22T17:16:38+09:00,2026-05-22T18:51:27.288335+09:00
AKR20260522135000530,사흘간 연휴 시작하는 토요일 한때 5㎜ 미만 적은 비,https://www.yna.co.kr/view/AKR20260522135000530,이재영,2026-05-22T17:15:01+09:00,2026-05-22T18:51:27.288392+09:00
AKR20260522130600004,"'김건희에 로저비비에 선물' 김기현 첫 재판…""터무니없는 얘기""",https://www.yna.co.kr/view/AKR20260522130600004,김빛나,2026-05-22T17:11:14+09:00,2026-05-22T18:51:27.288422+09:00
AKR20260522134000004,"전광훈 미국방문 무산되나…법원 ""도망 염려 재검토할 수도""",https://www.yna.co.kr/view/AKR20260522134000004,윤민혁,2026-05-22T17:10:36+09:00,2026-05-22T18:51:27.288475+09:00
AKR20260522132500371,"[동포의 창] 동포청, 국내 귀환 동포 민원 처리 결과 설명회 개최",https://www.yna.co.kr/view/AKR20260522132500371,강성철,2026-05-22T17:07:39+09:00,2026-05-22T18:51:27.288499+09:00
AKR20260522131900063,"'걸으면 숲을 살린다' 산림청, 국민 참여형 걸음기부 진행",https://www.yna.co.kr/view/AKR20260522131900063,김준호,2026-05-22T17:05:53+09:00,2026-05-22T18:51:27.288606+09:00
AKR20260522126600030,"무신사 임원진, 박종철센터 방문해 7년 전 광고 논란 재차 사과",https://www.yna.co.kr/view/AKR20260522126600030,이상서,2026-05-22T17:00:53+09:00,2026-05-22T18:51:27.288689+09:00
AKR20260522065200530,"[게시판] 행안부, 공공거버넌스 발전 모색 '열린정부' 국제행사 개최",https://www.yna.co.kr/view/AKR20260522065200530,양정우,2026-05-22T17:00:03+09:00,2026-05-22T18:51:27.288753+09:00
AKR20260522068200530,'과학적 사고원인 분석' 박찬성 연구관 등 유공자 12명 포상,https://www.yna.co.kr/view/AKR20260522068200530,양정우,2026-05-22T17:00:02+09:00,2026-05-22T18:51:27.288787+09:00
AKR20260522131400064,[부고] 김수용(한국전력국제원자력대학원대학교 생활관장)씨 부친상,https://www.yna.co.kr/view/AKR20260522131400064,전창해,2026-05-22T16:57:34+09:00,2026-05-22T18:51:27.288819+09:00
AKR20260522126800004,"김용현, 내달 4일 종합특검 첫 출석…'반란' 피의자 조사",https://www.yna.co.kr/view/AKR20260522126800004,최윤선,2026-05-22T16:55:09+09:00,2026-05-22T18:51:27.288851+09:00
AKR20260522129400051,부친 몰래 연대보증 서류 작성한 아들에게 징역형,https://www.yna.co.kr/view/AKR20260522129400051,김재홍,2026-05-22T16:51:06+09:00,2026-05-22T18:51:27.288915+09:00
AKR20260522128900064,충북대 7월 9일 총장임용후보자 선출 선거,https://www.yna.co.kr/view/AKR20260522128900064,박건영,2026-05-22T16:49:49+09:00,2026-05-22T18:51:27.288951+09:00
AKR20260522129700004,"[속보] 경찰 ""'5·18은 北지령' 허위사실 유포자 추적…무관용 수사""",https://www.yna.co.kr/view/AKR20260522129700004,방현덕,2026-05-22T16:47:22+09:00,2026-05-22T18:51:27.288984+09:00
AKR20260522125100530,민주노총 위원장·ILO 총장 면담…AI 초과이익 배분 등 논의,https://www.yna.co.kr/view/AKR20260522125100530,옥성구,2026-05-22T16:42:04+09:00,2026-05-22T18:51:27.289046+09:00
AKR20260522125600062,정선아리랑열차 2년 3개월 만에 운행 재개…첫차 전석 매진,https://www.yna.co.kr/view/AKR20260522125600062,박영서,2026-05-22T16:33:29+09:00,2026-05-22T18:51:27.289108+09:00
AKR20260522123700055,"""웹툰 작가 꿈 키워요"" 익산시, '크리에이터 스쿨' 운영",https://www.yna.co.kr/view/AKR20260522123700055,김진방,2026-05-22T16:31:12+09:00,2026-05-22T18:51:27.289139+09:00
AKR20260522123400064,"증평사회단체연합회 ""증평교육지원청 조속히 설치해야""",https://www.yna.co.kr/view/AKR20260522123400064,박재천,2026-05-22T16:26+09:00,2026-05-22T18:51:27.289200+09:00
AKR20260522119100704,[쇼츠] 좁은 박스에서 발버둥…새끼 길고양이 보호 논란,https://www.yna.co.kr/view/AKR20260522119100704,김화영,2026-05-22T16:06:45+09:00,2026-05-22T18:51:27.289262+09:00
AKR20260522119600371,"[게시판] 이민정책학회-충북연, '충북형 이민정책' 연구 협약",https://www.yna.co.kr/view/AKR20260522119600371,정아란,2026-05-22T16:06:30+09:00,2026-05-22T18:51:27.289312+09:00
AKR20260522117700057,"울산 소방공무원들, 시민 감사 선물에 보태 어르신센터 기부",https://www.yna.co.kr/view/AKR20260522117700057,장영은,2026-05-22T16:05:56+09:00,2026-05-22T18:51:27.289343+09:00
AKR20260522117200064,제천서 자전거 타던 70대 차에 치여 숨져,https://www.yna.co.kr/view/AKR20260522117200064,이성민,2026-05-22T16:00:59+09:00,2026-05-22T18:51:27.289404+09:00
AKR20260522111400004,"[게시판] 지하철경찰대·자율방범대, 강남·성수·홍대 등 합동순찰",https://www.yna.co.kr/view/AKR20260522111400004,방현덕,2026-05-22T16:00:02+09:00,2026-05-22T18:51:27.289467+09:00
AKR20260522038751004,'관저 이전의혹' 尹정부 김대기·윤재순·김오진 구속 심사(종합),https://www.yna.co.kr/view/AKR20260522038751004,최윤선,2026-05-22T16:00:01+09:00,2026-05-22T18:51:27.289502+09:00
AKR20260522112800064,투자 미끼로 사회 초년생 캄보디아 조직에 넘긴 일당 실형,https://www.yna.co.kr/view/AKR20260522112800064,박건영,2026-05-22T16:00:01+09:00,2026-05-22T18:51:27.289538+09:00
AKR20260522111600057,"울주군·강남교육청, '방학중 초등돌봄·교육' 영남권 최우수(종합)",https://www.yna.co.kr/view/AKR20260522111600057,김용태,2026-05-22T15:58:57+09:00,2026-05-22T18:51:27.289571+09:00
AKR20260522112600054,"오월단체·시민단체, 정용진 사퇴촉구·스벅 불매 1인 시위",https://www.yna.co.kr/view/AKR20260522112600054,정다움,2026-05-22T15:54:29+09:00,2026-05-22T18:51:27.289633+09:00
AKR20260522113000051,"부산시민, 6월 1일부터 가락IC 출퇴근 시간 통행료 무료",https://www.yna.co.kr/view/AKR20260522113000051,손형주,2026-05-22T15:53:42+09:00,2026-05-22T18:51:27.289666+09:00
AKR20260522113500530,[부고] 손호준(보건복지부 연금정책관)씨 모친상,https://www.yna.co.kr/view/AKR20260522113500530,고유선,2026-05-22T15:53:37+09:00,2026-05-22T18:51:27.289697+09:00
AKR20260522114800704,[영상] 파충류 사육장에 새끼 고양이들…수그리고 발버둥,https://www.yna.co.kr/view/AKR20260522114800704,김화영,2026-05-22T15:53:23+09:00,2026-05-22T18:51:27.289730+09:00
AKR20260522114300530,"[게시판] 복지부, 사회보장 평가전문위 개최",https://www.yna.co.kr/view/AKR20260522114300530,김영신,2026-05-22T15:48:25+09:00,2026-05-22T18:51:27.289761+09:00
AKR20260522109100004,"[게시판] 서울경찰청, 퇴직 경찰로 '관계성 범죄 모니터링단' 구성",https://www.yna.co.kr/view/AKR20260522109100004,방현덕,2026-05-22T15:30:46+09:00,2026-05-22T18:51:27.289949+09:00
AKR20260522105500061,"친구와 진통제 과다복용 사망…법원 ""과실치사 무죄""",https://www.yna.co.kr/view/AKR20260522105500061,이영주,2026-05-22T15:22:58+09:00,2026-05-22T18:51:27.290024+09:00
AKR20260522104000004,'배우 김규리 자택 침입해 강도·폭행' 40대 남성 법원 출석,https://www.yna.co.kr/view/AKR20260522104000004,이의진,2026-05-22T15:22:34+09:00,2026-05-22T18:51:27.290059+09:00
AKR20260522099200064,"충주시, 차량·건설기계 매연 저감사업에 총 6억4천만원 지원",https://www.yna.co.kr/view/AKR20260522099200064,천경환,2026-05-22T15:20:58+09:00,2026-05-22T18:51:27.290125+09:00
AKR20260522107400065,'독감 사망 교사' 사직서 위조한 유치원 원장 송치,https://www.yna.co.kr/view/AKR20260522107400065,황정환,2026-05-22T15:19:37+09:00,2026-05-22T18:51:27.290157+09:00
AKR20260522106500004,삼청교육대 피해자 8명에 1억3천만원 국가배상…2심서 유지,https://www.yna.co.kr/view/AKR20260522106500004,이승연,2026-05-22T15:17:32+09:00,2026-05-22T18:51:27.290220+09:00
AKR20260522101100063,채무 변제 독촉에 지인 때려 숨지게 한 태국인 2심도 징역 4년,https://www.yna.co.kr/view/AKR20260522101100063,김소연,2026-05-22T15:08:50+09:00,2026-05-22T18:51:27.290285+09:00
AKR20260522104200054,"해남군, 솔라안심등 면 단위까지 확대…귀갓길 안전 강화",https://www.yna.co.kr/view/AKR20260522104200054,조근영,2026-05-22T15:04:53+09:00,2026-05-22T18:51:27.290350+09:00
AKR20260522101400054,"광주시교육청, 광주지법과 '1법관 1학교' 진로 멘토링",https://www.yna.co.kr/view/AKR20260522101400054,장아름,2026-05-22T15:02:18+09:00,2026-05-22T18:51:27.290418+09:00
AKR20260522099900054,"전남도·여수시, 섬박람회 행사장 시설·안전 점검",https://www.yna.co.kr/view/AKR20260522099900054,형민우,2026-05-22T15:01:28+09:00,2026-05-22T18:51:27.290454+09:00
AKR20260522099000063,옛 직장동료 흉기로 살해한 40대 항소심도 징역 15년,https://www.yna.co.kr/view/AKR20260522099000063,김소연,2026-05-22T15:01+09:00,2026-05-22T18:51:27.290518+09:00
AKR20260522102200051,"부산 노사민정, 향토기업 제품 이용 활성화 캠페인",https://www.yna.co.kr/view/AKR20260522102200051,민영규,2026-05-22T15:00:06+09:00,2026-05-22T18:51:27.290553+09:00
AKR20260522095900530,"ICJ ""파업권, ILO협약이 보호""…양대노총 ""하청노조도 보장해야""",https://www.yna.co.kr/view/AKR20260522095900530,옥성구,2026-05-22T14:52:58+09:00,2026-05-22T18:51:27.290692+09:00
AKR20260522079100546,사람구조 이어 동물구조로 대통령 표창…전인범 前특전사령관,https://www.yna.co.kr/view/AKR20260522079100546,윤근영,2026-05-22T14:50:50+09:00,2026-05-22T18:51:27.290728+09:00
AKR20260522097400065,"'선거법 위반' 유정복 첫 재판 불출석…법원 ""다음엔 영장 발부""",https://www.yna.co.kr/view/AKR20260522097400065,최은지,2026-05-22T14:36:18+09:00,2026-05-22T18:51:27.290856+09:00
AKR20260522097500056,"[제주소식] 제주교육청, 서울대 입학설명회 30일 개최",https://www.yna.co.kr/view/AKR20260522097500056,김호천,2026-05-22T14:35:35+09:00,2026-05-22T18:51:27.290887+09:00
AKR20260522097100056,"서귀포시, 노인대상 약사 가정방문 복약지도 서비스",https://www.yna.co.kr/view/AKR20260522097100056,박지호,2026-05-22T14:34:52+09:00,2026-05-22T18:51:27.290918+09:00
AKR20260522097000065,"'훈련도 실전처럼'…공항철도, 지진에 열차 탈선사고 대응훈련",https://www.yna.co.kr/view/AKR20260522097000065,천정인,2026-05-22T14:33:27+09:00,2026-05-22T18:51:27.290948+09:00
AKR20260522097300004,은평구 내달 10일 대입 설명회…2027 전형별 대응전략,https://www.yna.co.kr/view/AKR20260522097300004,정준영,2026-05-22T14:33:23+09:00,2026-05-22T18:51:27.290989+09:00
AKR20260522095000063,동급생 수년간 폭행하고 불법 촬영한 10대들…항소심서 감형,https://www.yna.co.kr/view/AKR20260522095000063,김소연,2026-05-22T14:25:45+09:00,2026-05-22T18:51:27.291119+09:00
AKR20260522094600055,"순창군 ""폭염 대비해 건강 취약계층 방문 관리 강화""",https://www.yna.co.kr/view/AKR20260522094600055,최영수,2026-05-22T14:23:58+09:00,2026-05-22T18:51:27.291151+09:00
AKR20260522091800057,"울주군, 경로당 찾아가는 '통합 건강관리 프로그램' 운영",https://www.yna.co.kr/view/AKR20260522091800057,장영은,2026-05-22T14:17:20+09:00,2026-05-22T18:51:27.291181+09:00
AKR20260522087100017,"넷플릭스·에버랜드, '생물다양성의 날' 체험행사",https://www.yna.co.kr/view/AKR20260522087100017,유현민,2026-05-22T14:14:19+09:00,2026-05-22T18:51:27.291212+09:00
AKR20260522085500052,세계부부의날 기념식 창원서 열려…헌신·봉사 부부 12쌍 수상,https://www.yna.co.kr/view/AKR20260522085500052,박영민,2026-05-22T14:12:30+09:00,2026-05-22T18:51:27.291275+09:00
