article_id,category
AKR20260522013800063,POLITICS
AKR20260521110400051,POLITICS
AKR20260521110600051,POLITICS
AKR20260521110700051,POLITICS
AKR20260521110800051,POLITICS
AKR20260521110900051,POLITICS
AKR20260521111000051,POLITICS
AKR20260521111100051,POLITICS
AKR20260521178800001,POLITICS
AKR20260521165200004,POLITICS
AKR20260521181300001,POLITICS
AKR20260521166000001,POLITICS
AKR20260521131200001,POLITICS
AKR20260521182000001,POLITICS
AKR20260521087952001,POLITICS
AKR20260521095152001,POLITICS
AKR20260521160100063,POLITICS
AKR20260521179500004,POLITICS
AKR20260521179000064,POLITICS
AKR20260521178000001,POLITICS
AKR20260521178900064,POLITICS
AKR20260521175500001,POLITICS
AKR20260521150751001,POLITICS
AKR20260521175800051,POLITICS
AKR20260521087851052,POLITICS
AKR20260521174500001,POLITICS
AKR20260521173500052,POLITICS
AKR20260521173200065,POLITICS
AKR20260521173400504,POLITICS
AKR20260521170100001,POLITICS
AKR20260521168900061,POLITICS
AKR20260521169000064,POLITICS
AKR20260521166800504,POLITICS
AKR20260521095151001,POLITICS
AKR20260521087951001,POLITICS
AKR20260521158800057,POLITICS
AKR20260521166100062,POLITICS
AKR20260521165500054,POLITICS
AKR20260521164600061,POLITICS
AKR20260521162300063,POLITICS
AKR20260521159200001,POLITICS
AKR20260521162500504,POLITICS
AKR20260521158500057,POLITICS
AKR20260521158400504,POLITICS
AKR20260521109052001,POLITICS
AKR20260521163900504,POLITICS
AKR20260521151100001,POLITICS
AKR20260521082551063,POLITICS
AKR20260521153600504,POLITICS
AKR20260521041152001,POLITICS
AKR20260521159600004,POLITICS
AKR20260521160600054,POLITICS
AKR20260521084951063,POLITICS
AKR20260521157100001,POLITICS
AKR20260521157200504,POLITICS
AKR20260521123351051,POLITICS
AKR20260521158600052,POLITICS
AKR20260521150700001,POLITICS
AKR20260521157400530,POLITICS
AKR20260521065951056,POLITICS
AKR20260521150600001,POLITICS
AKR20260521149900504,POLITICS
AKR20260521153300052,POLITICS
AKR20260521152600704,POLITICS
AKR20260521150000001,POLITICS
AKR20260521152500051,POLITICS
AKR20260521120451054,POLITICS
AKR20260521152800052,POLITICS
AKR20260521086851001,POLITICS
AKR20260521148700061,POLITICS
AKR20260521145700052,POLITICS
AKR20260521079551054,POLITICS
AKR20260521151200504,POLITICS
AKR20260521151400051,POLITICS
AKR20260521056351053,POLITICS
AKR20260521144600053,POLITICS
AKR20260521083051001,POLITICS
AKR20260521135300051,POLITICS
AKR20260521146900054,POLITICS
AKR20260521149000704,POLITICS
AKR20260521148600054,POLITICS
AKR20260521134600061,POLITICS
AKR20260521146500504,POLITICS
AKR20260521145300057,POLITICS
AKR20260521143500001,POLITICS
AKR20260521144400003,POLITICS
AKR20260521042951052,POLITICS
AKR20260521141700001,POLITICS
AKR20260521146400005,POLITICS
AKR20260521142000062,POLITICS
AKR20260521109051001,POLITICS
AKR20260521141900062,POLITICS
AKR20260521129300053,POLITICS
AKR20260521096251001,POLITICS
AKR20260521121900055,POLITICS
AKR20260521137400001,POLITICS
AKR20260521130900001,POLITICS
AKR20260521130000061,POLITICS
AKR20260521136000051,POLITICS
AKR20260521134900053,POLITICS
AKR20260521130500054,POLITICS
AKR20260521132500057,POLITICS
AKR20260521132800065,POLITICS
AKR20260521047151063,POLITICS
AKR20260521127600055,POLITICS
AKR20260521129100064,POLITICS
AKR20260521127400052,POLITICS
AKR20260521130300062,POLITICS
AKR20260521120400054,POLITICS
AKR20260521124700057,POLITICS
AKR20260521124200062,POLITICS
AKR20260521123300051,POLITICS
AKR20260521121800055,POLITICS
AKR20260521122400064,POLITICS
AKR20260521118600057,POLITICS
AKR20260521121200052,POLITICS
AKR20260521117000052,POLITICS
AKR20260521120300061,POLITICS
AKR20260521120600055,POLITICS
AKR20260521119800055,POLITICS
AKR20260522011000085,NORTH_KOREA
AKR20260522011900504,NORTH_KOREA
AKR20260521089000504,NORTH_KOREA
AKR20260521158400504,NORTH_KOREA
AKR20260521155200504,NORTH_KOREA
AKR20260521151900504,NORTH_KOREA
AKR20260521146900054,NORTH_KOREA
AKR20260521145100504,NORTH_KOREA
AKR20260521135200083,NORTH_KOREA
AKR20260521014951504,NORTH_KOREA
AKR20260521084000007,NORTH_KOREA
AKR20260521059900504,NORTH_KOREA
AKR20260521017700001,NORTH_KOREA
AKR20260521016400504,NORTH_KOREA
AKR20260521014900504,NORTH_KOREA
AKR20260520195100504,NORTH_KOREA
AKR20260520186251007,NORTH_KOREA
AKR20260520186200007,NORTH_KOREA
AKR20260520162800504,NORTH_KOREA
AKR20260520144851504,NORTH_KOREA
AKR20260520144800504,NORTH_KOREA
AKR20260520100200504,NORTH_KOREA
AKR20260520033851009,NORTH_KOREA
AKR20260520033800009,NORTH_KOREA
AKR20260520039400009,NORTH_KOREA
AKR20260520017400504,NORTH_KOREA
AKR20260520016800504,NORTH_KOREA
AKR20260519151500002,NORTH_KOREA
AKR20260520007000071,NORTH_KOREA
AKR20260519165751108,NORTH_KOREA
AKR20260519165700108,NORTH_KOREA
AKR20260519155300504,NORTH_KOREA
AKR20260519153100504,NORTH_KOREA
AKR20260519088651504,NORTH_KOREA
AKR20260519150800007,NORTH_KOREA
AKR20260519040851001,NORTH_KOREA
AKR20260519091100007,NORTH_KOREA
AKR20260519088600504,NORTH_KOREA
AKR20260519064600009,NORTH_KOREA
AKR20260519057200005,NORTH_KOREA
AKR20260519062300062,NORTH_KOREA
AKR20260519040800001,NORTH_KOREA
AKR20260519014500504,NORTH_KOREA
AKR20260518146000504,NORTH_KOREA
AKR20260518149700061,NORTH_KOREA
AKR20260518147300504,NORTH_KOREA
AKR20260518144500504,NORTH_KOREA
AKR20260518136900083,NORTH_KOREA
AKR20260518124200504,NORTH_KOREA
AKR20260518116900504,NORTH_KOREA
AKR20260518040651504,NORTH_KOREA
AKR20260518073000073,NORTH_KOREA
AKR20260518066700007,NORTH_KOREA
AKR20260518067800064,NORTH_KOREA
AKR20260518040600504,NORTH_KOREA
AKR20260518004552504,NORTH_KOREA
AKR20260518007400504,NORTH_KOREA
AKR20260518004551504,NORTH_KOREA
AKR20260518004500504,NORTH_KOREA
AKR20260517063000001,NORTH_KOREA
AKR20260517044651061,NORTH_KOREA
AKR20260517050900504,NORTH_KOREA
AKR20260517049300504,NORTH_KOREA
AKR20260517039151007,NORTH_KOREA
AKR20260517044600061,NORTH_KOREA
AKR20260517039100007,NORTH_KOREA
AKR20260517024900007,NORTH_KOREA
AKR20260517030100504,NORTH_KOREA
AKR20260516053500504,NORTH_KOREA
AKR20260517005300504,NORTH_KOREA
AKR20260516049800504,NORTH_KOREA
AKR20260516047000504,NORTH_KOREA
AKR20260516043400083,NORTH_KOREA
AKR20260516011500504,NORTH_KOREA
AKR20260516010700504,NORTH_KOREA
AKR20260515067000071,NORTH_KOREA
AKR20260515173000504,NORTH_KOREA
AKR20260515149800504,NORTH_KOREA
AKR20260515120800009,NORTH_KOREA
AKR20260515105800504,NORTH_KOREA
AKR20260515075100009,NORTH_KOREA
AKR20260515020600504,NORTH_KOREA
AKR20260522014400011,ECONOMY
AKR20260521136500017,ECONOMY
AKR20260521145800002,ECONOMY
AKR20260521161600003,ECONOMY
AKR20260521161200530,ECONOMY
AKR20260521164700004,ECONOMY
AKR20260521169100004,ECONOMY
AKR20260521174400004,ECONOMY
AKR20260521175200057,ECONOMY
AKR20260521183100002,ECONOMY
AKR20260522006000072,ECONOMY
AKR20260522006200072,ECONOMY
AKR20260522004500002,ECONOMY
AKR20260521094900017,ECONOMY
AKR20260521171100017,ECONOMY
AKR20260521170200530,ECONOMY
AKR20260521169400003,ECONOMY
AKR20260521166800504,ECONOMY
AKR20260521056451030,ECONOMY
AKR20260521165400008,ECONOMY
AKR20260521157900008,ECONOMY
AKR20260521159000011,ECONOMY
AKR20260521116000530,ECONOMY
AKR20260521162000002,ECONOMY
AKR20260521161800061,ECONOMY
AKR20260521152000062,ECONOMY
AKR20260521150451008,ECONOMY
AKR20260521157300530,ECONOMY
AKR20260521155800008,ECONOMY
AKR20260521155300003,ECONOMY
AKR20260521155000003,ECONOMY
AKR20260521142851008,ECONOMY
AKR20260521123100003,ECONOMY
AKR20260521143700030,ECONOMY
AKR20260521152200064,ECONOMY
AKR20260521150500371,ECONOMY
AKR20260521149800371,ECONOMY
AKR20260521151700002,ECONOMY
AKR20260521148800054,ECONOMY
AKR20260521150400008,ECONOMY
AKR20260521147400055,ECONOMY
AKR20260521046451008,ECONOMY
AKR20260521142800008,ECONOMY
AKR20260521139300002,ECONOMY
AKR20260521143900054,ECONOMY
AKR20260521039052008,ECONOMY
AKR20260521140000008,ECONOMY
AKR20260521127351030,ECONOMY
AKR20260521072651008,ECONOMY
AKR20260521070100530,ECONOMY
AKR20260521071300055,ECONOMY
AKR20260521136400002,ECONOMY
AKR20260521131400003,ECONOMY
AKR20260521134000002,ECONOMY
AKR20260521040551008,ECONOMY
AKR20260521135000030,ECONOMY
AKR20260521134500008,ECONOMY
AKR20260521133800008,ECONOMY
AKR20260521132100530,ECONOMY
AKR20260521132600065,ECONOMY
AKR20260521133200002,ECONOMY
AKR20260521129600530,ECONOMY
AKR20260521128800004,ECONOMY
AKR20260521126900002,ECONOMY
AKR20260521127300030,ECONOMY
AKR20260521098600002,ECONOMY
AKR20260521120800002,ECONOMY
AKR20260521122300053,ECONOMY
AKR20260521114451030,ECONOMY
AKR20260521122700017,ECONOMY
AKR20260521116700008,ECONOMY
AKR20260521115000054,ECONOMY
AKR20260521117800002,ECONOMY
AKR20260521112800002,ECONOMY
AKR20260521114400030,ECONOMY
AKR20260521113700054,ECONOMY
AKR20260521102800002,ECONOMY
AKR20260521109700017,ECONOMY
AKR20260521104000002,ECONOMY
AKR20260521098900002,ECONOMY
AKR20260521070500002,ECONOMY
AKR20260521069800030,ECONOMY
AKR20260521088600003,ECONOMY
AKR20260521094400003,ECONOMY
AKR20260521097800002,ECONOMY
AKR20260521101600002,ECONOMY
AKR20260521074400030,ECONOMY
AKR20260521049300003,ECONOMY
AKR20260521092700051,ECONOMY
AKR20260521094700008,ECONOMY
AKR20260521092300008,ECONOMY
AKR20260520124600030,ECONOMY
AKR20260521046100003,ECONOMY
AKR20260521046500002,ECONOMY
AKR20260521056500002,ECONOMY
AKR20260521058500002,ECONOMY
AKR20260521063900530,ECONOMY
AKR20260521067600002,ECONOMY
AKR20260521079000002,ECONOMY
AKR20260521080400017,ECONOMY
AKR20260521082800002,ECONOMY
AKR20260521086500002,ECONOMY
AKR20260521091900704,ECONOMY
AKR20260521090400073,ECONOMY
AKR20260521090500008,ECONOMY
AKR20260521068451003,ECONOMY
AKR20260521085900002,ECONOMY
AKR20260521086200002,ECONOMY
AKR20260521082700008,ECONOMY
AKR20260521050351008,ECONOMY
AKR20260521082900504,ECONOMY
AKR20260521079900030,ECONOMY
AKR20260521053900004,ECONOMY
AKR20260521055700004,ECONOMY
AKR20260521079700054,ECONOMY
AKR20260521079800004,ECONOMY
AKR20260521074700002,ECONOMY
AKR20260521039051008,ECONOMY
AKR20260521026100003,ECONOMY
AKR20260521050800002,ECONOMY
AKR20260521076600065,INDUSTRY
AKR20260522012800004,INDUSTRY
AKR20260518012300371,INDUSTRY
AKR20260521136500017,INDUSTRY
AKR20260521163100030,INDUSTRY
AKR20260521175600057,INDUSTRY
AKR20260521171700003,INDUSTRY
AKR20260521144700030,INDUSTRY
AKR20260521161600003,INDUSTRY
AKR20260521165600030,INDUSTRY
AKR20260521111600011,INDUSTRY
AKR20260522007600065,INDUSTRY
AKR20260521160700003,INDUSTRY
AKR20260521124400017,INDUSTRY
AKR20260521149200017,INDUSTRY
AKR20260521094900017,INDUSTRY
AKR20260521177200017,INDUSTRY
AKR20260521175900017,INDUSTRY
AKR20260521174300003,INDUSTRY
AKR20260521171100017,INDUSTRY
AKR20260521170200530,INDUSTRY
AKR20260521159700003,INDUSTRY
AKR20260521169400003,INDUSTRY
AKR20260521168300030,INDUSTRY
AKR20260521166800504,INDUSTRY
AKR20260521056451030,INDUSTRY
AKR20260521166400017,INDUSTRY
AKR20260521161500051,INDUSTRY
AKR20260521160000054,INDUSTRY
AKR20260521157300530,INDUSTRY
AKR20260521155300003,INDUSTRY
AKR20260521155000003,INDUSTRY
AKR20260521117251003,INDUSTRY
AKR20260521153700053,INDUSTRY
AKR20260521154400030,INDUSTRY
AKR20260521092152004,INDUSTRY
AKR20260521149151530,INDUSTRY
AKR20260521123100003,INDUSTRY
AKR20260521143700030,INDUSTRY
AKR20260521146800062,INDUSTRY
AKR20260521153500056,INDUSTRY
AKR20260521146600062,INDUSTRY
AKR20260521146100062,INDUSTRY
AKR20260521152200064,INDUSTRY
AKR20260521149800371,INDUSTRY
AKR20260521149100530,INDUSTRY
AKR20260521151700002,INDUSTRY
AKR20260521148800054,INDUSTRY
AKR20260521147400055,INDUSTRY
AKR20260521065151008,INDUSTRY
AKR20260521140100005,INDUSTRY
AKR20260521117200003,INDUSTRY
AKR20260521144400003,INDUSTRY
AKR20260521145500003,INDUSTRY
AKR20260521140400003,INDUSTRY
AKR20260521146000051,INDUSTRY
AKR20260521141700001,INDUSTRY
AKR20260521141600051,INDUSTRY
AKR20260521143900054,INDUSTRY
AKR20260521141200002,INDUSTRY
AKR20260521140800017,INDUSTRY
AKR20260521085752030,INDUSTRY
AKR20260521127351030,INDUSTRY
AKR20260521075251008,INDUSTRY
AKR20260521139600062,INDUSTRY
AKR20260521070100530,INDUSTRY
AKR20260521071300055,INDUSTRY
AKR20260521076800530,INDUSTRY
AKR20260521138100017,INDUSTRY
AKR20260521130000061,INDUSTRY
AKR20260521136300003,INDUSTRY
AKR20260521138400530,INDUSTRY
AKR20260521134900053,INDUSTRY
AKR20260521128000057,INDUSTRY
AKR20260521052051008,INDUSTRY
AKR20260521135000030,INDUSTRY
AKR20260521132300054,INDUSTRY
AKR20260521132100530,INDUSTRY
AKR20260521129400030,INDUSTRY
AKR20260521132200017,INDUSTRY
AKR20260521092151004,INDUSTRY
AKR20260521127300030,INDUSTRY
AKR20260521062700052,INDUSTRY
AKR20260521079300017,INDUSTRY
AKR20260521098600002,INDUSTRY
AKR20260521122000017,INDUSTRY
AKR20260521124600030,INDUSTRY
AKR20260521124500017,INDUSTRY
AKR20260521122300053,INDUSTRY
AKR20260521121600054,INDUSTRY
AKR20260521114451030,INDUSTRY
AKR20260521118000003,INDUSTRY
AKR20260521122700017,INDUSTRY
AKR20260521122800062,INDUSTRY
AKR20260521115000054,INDUSTRY
AKR20260521119600065,INDUSTRY
AKR20260521118100004,INDUSTRY
AKR20260521116900003,INDUSTRY
AKR20260521067000504,INDUSTRY
AKR20260521116200011,INDUSTRY
AKR20260521114400030,INDUSTRY
AKR20260521106100052,INDUSTRY
AKR20260521114200017,INDUSTRY
AKR20260521085751030,INDUSTRY
AKR20260521110500017,INDUSTRY
AKR20260521114300055,INDUSTRY
AKR20260521109900017,INDUSTRY
AKR20260521114100056,INDUSTRY
AKR20260521109700017,INDUSTRY
AKR20260521109100017,INDUSTRY
AKR20260521113500055,INDUSTRY
AKR20260521112100065,INDUSTRY
AKR20260521029600065,INDUSTRY
AKR20260521051700017,INDUSTRY
AKR20260521068900017,INDUSTRY
AKR20260521069800030,INDUSTRY
AKR20260521094400003,INDUSTRY
AKR20260521108700003,INDUSTRY
AKR20260521107200003,INDUSTRY
AKR20260521106000017,INDUSTRY
AKR20260522014400011,SOCIETY
AKR20260522016200004,SOCIETY
AKR20260521076600065,SOCIETY
AKR20260522014000004,SOCIETY
AKR20260522013000004,SOCIETY
AKR20260522012900004,SOCIETY
AKR20260522012800004,SOCIETY
AKR20260521178400530,SOCIETY
AKR20260521117600053,SOCIETY
AKR20260522012200063,SOCIETY
AKR20260522012000052,SOCIETY
AKR20260522010800065,SOCIETY
AKR20260521108500518,SOCIETY
AKR20260521165000004,SOCIETY
AKR20260522009800064,SOCIETY
AKR20260522009000052,SOCIETY
AKR20260522009500055,SOCIETY
AKR20260522009400063,SOCIETY
AKR20260522009300062,SOCIETY
AKR20260522007400053,SOCIETY
AKR20260522009100056,SOCIETY
AKR20260521171700003,SOCIETY
AKR20260521152700530,SOCIETY
AKR20260521161200530,SOCIETY
AKR20260521160400004,SOCIETY
AKR20260521158000530,SOCIETY
AKR20260521165200004,SOCIETY
AKR20260521166200530,SOCIETY
AKR20260521164700004,SOCIETY
AKR20260521166900004,SOCIETY
AKR20260521169100004,SOCIETY
AKR20260521174400004,SOCIETY
AKR20260521175200057,SOCIETY
AKR20260521111600011,SOCIETY
AKR20260522007600065,SOCIETY
AKR20260521160700003,SOCIETY
AKR20260522006800034,SOCIETY
AKR20260521124400017,SOCIETY
AKR20260521179100004,SOCIETY
AKR20260521149200017,SOCIETY
AKR20260521184200527,SOCIETY
AKR20260521182600061,SOCIETY
AKR20260521182200061,SOCIETY
AKR20260521164252053,SOCIETY
AKR20260521180000054,SOCIETY
AKR20260521179500004,SOCIETY
AKR20260521179300062,SOCIETY
AKR20260521178000001,SOCIETY
AKR20260521178300004,SOCIETY
AKR20260521178200053,SOCIETY
AKR20260521177200017,SOCIETY
AKR20260521177400003,SOCIETY
AKR20260521128300530,SOCIETY
AKR20260521174500001,SOCIETY
AKR20260521173900004,SOCIETY
AKR20260521173500052,SOCIETY
AKR20260521159300004,SOCIETY
AKR20260521170200530,SOCIETY
AKR20260521123951004,SOCIETY
AKR20260521121351004,SOCIETY
AKR20260521165900061,SOCIETY
AKR20260521166400017,SOCIETY
AKR20260521164251053,SOCIETY
AKR20260521165500054,SOCIETY
AKR20260521162300063,SOCIETY
AKR20260521164800004,SOCIETY
AKR20260521164300061,SOCIETY
AKR20260521159200001,SOCIETY
AKR20260521159000011,SOCIETY
AKR20260521158500057,SOCIETY
AKR20260521116000530,SOCIETY
AKR20260521164200053,SOCIETY
AKR20260521162900062,SOCIETY
AKR20260521162600062,SOCIETY
AKR20260521159600004,SOCIETY
AKR20260521155451530,SOCIETY
AKR20260521154900004,SOCIETY
AKR20260521160000054,SOCIETY
AKR20260521152400062,SOCIETY
AKR20260521158600052,SOCIETY
AKR20260521150800062,SOCIETY
AKR20260521157400530,SOCIETY
AKR20260521157600530,SOCIETY
AKR20260521154500004,SOCIETY
AKR20260521157300530,SOCIETY
AKR20260521155700004,SOCIETY
AKR20260521107701004,SOCIETY
AKR20260521156900530,SOCIETY
AKR20260521155400530,SOCIETY
AKR20260521156100065,SOCIETY
AKR20260521155900004,SOCIETY
AKR20260521092152004,SOCIETY
AKR20260521153300052,SOCIETY
AKR20260521141800004,SOCIETY
AKR20260521139751004,SOCIETY
AKR20260521149151530,SOCIETY
AKR20260521153800007,SOCIETY
AKR20260521146800062,SOCIETY
AKR20260521152800052,SOCIETY
AKR20260521146100062,SOCIETY
AKR20260521150500371,SOCIETY
AKR20260521149800371,SOCIETY
AKR20260521148700061,SOCIETY
AKR20260521145700052,SOCIETY
AKR20260521149100530,SOCIETY
AKR20260521151400051,SOCIETY
AKR20260521149400530,SOCIETY
AKR20260521144300054,SOCIETY
AKR20260521144600053,SOCIETY
AKR20260521148900052,SOCIETY
AKR20260521148600054,SOCIETY
AKR20260521147100004,SOCIETY
AKR20260521143800052,SOCIETY
AKR20260521137500064,SOCIETY
AKR20260521145300057,SOCIETY
AKR20260521140900052,SOCIETY
AKR20260521147900065,SOCIETY
AKR20260521144900371,SOCIETY
AKR20260521145900064,SOCIETY
AKR20260521145500003,SOCIETY
